YEAR_PRD,MONTH_PRD,FUEL_SOURCE,QTY
1986,APR,EGAT,2121.74
1986,APR,IMPORTED,33.79
1986,AUG,EGAT,2107.6400000000003
1986,AUG,IMPORTED,91.24
1986,DEC,EGAT,2050.54
1986,DEC,IMPORTED,43
1986,FEB,EGAT,1761.3799999999999
1986,FEB,IMPORTED,52.14
1986,JAN,EGAT,1841.52
1986,JAN,IMPORTED,57
1986,JUL,EGAT,2086.4300000000003
1986,JUL,IMPORTED,92.74
1986,JUN,EGAT,2118.91
1986,JUN,IMPORTED,65.32
1986,MAR,EGAT,2093.5699999999997
1986,MAR,IMPORTED,41.86
1986,MAY,EGAT,2105.07
1986,MAY,IMPORTED,47.28
1986,NOV,EGAT,2089.13
1986,NOV,IMPORTED,61.92
1986,OCT,EGAT,2201.67
1986,OCT,IMPORTED,75.31
1986,SEP,EGAT,2092.21
1986,SEP,IMPORTED,96.78
1987,APR,EGAT,2414.9500000000003
1987,APR,IMPORTED,34.66
1987,AUG,EGAT,2519.5099999999998
1987,AUG,IMPORTED,24.92
1987,DEC,EGAT,2223.7700000000004
1987,DEC,IMPORTED,64.95
1987,DEC,DEDP,0.96
1987,FEB,EGAT,2056.93
1987,FEB,IMPORTED,33.13
1987,JAN,EGAT,2086.48
1987,JAN,IMPORTED,39.23
1987,JUL,EGAT,2528.3199999999997
1987,JUL,IMPORTED,17.9
1987,JUN,EGAT,2434.5699999999997
1987,JUN,IMPORTED,31.82
1987,MAR,EGAT,2440.6200000000003
1987,MAR,IMPORTED,31.59
1987,MAY,EGAT,2498.87
1987,MAY,IMPORTED,29.97
1987,NOV,EGAT,2419.25
1987,NOV,IMPORTED,50.73
1987,NOV,DEDP,1.39
1987,OCT,EGAT,2505.54
1987,OCT,IMPORTED,48.21
1987,OCT,DEDP,2.57
1987,SEP,EGAT,2439.88
1987,SEP,IMPORTED,8.34
1988,APR,EGAT,2747.52
1988,APR,IMPORTED,28.99
1988,APR,DEDP,0.54
1988,AUG,EGAT,2813.2000000000003
1988,AUG,IMPORTED,44.71
1988,AUG,DEDP,8.95
1988,DEC,EGAT,2631.3700000000003
1988,DEC,IMPORTED,33.55
1988,DEC,DEDP,1.47
1988,FEB,EGAT,2426.84
1988,FEB,IMPORTED,43.73
1988,FEB,DEDP,1.24
1988,JAN,EGAT,2429.04
1988,JAN,IMPORTED,43.13
1988,JAN,DEDP,1.55
1988,JUL,EGAT,2768.09
1988,JUL,IMPORTED,31.19
1988,JUL,DEDP,7.26
1988,JUN,EGAT,2726.34
1988,JUN,IMPORTED,32.51
1988,JUN,DEDP,1.74
1988,MAR,EGAT,2865.9500000000003
1988,MAR,IMPORTED,29.84
1988,MAR,DEDP,0.54
1988,MAY,EGAT,2756.47
1988,MAY,IMPORTED,26.89
1988,MAY,DEDP,0.16
1988,NOV,EGAT,2598.06
1988,NOV,IMPORTED,39.05
1988,NOV,DEDP,1.86
1988,OCT,EGAT,2815.2700000000004
1988,OCT,IMPORTED,40.68
1988,OCT,DEDP,2.13
1988,SEP,EGAT,2804.9
1988,SEP,IMPORTED,35.51
1988,SEP,DEDP,2.75
1989,APR,EGAT,3173.4199999999996
1989,APR,IMPORTED,28.85
1989,APR,DEDP,0.59
1989,AUG,EGAT,3227.71
1989,AUG,IMPORTED,66.61
1989,AUG,DEDP,2.23
1989,DEC,EGAT,3039.34
1989,DEC,IMPORTED,81.51
1989,DEC,DEDP,0.92
1989,FEB,EGAT,2642.53
1989,FEB,IMPORTED,25.21
1989,FEB,DEDP,0.67
1989,JAN,EGAT,2893.2300000000005
1989,JAN,IMPORTED,27.07
1989,JAN,DEDP,0.75
1989,JUL,EGAT,3184.5899999999997
1989,JUL,IMPORTED,56.55
1989,JUL,DEDP,1.87
1989,JUN,EGAT,3136.1
1989,JUN,IMPORTED,38.09
1989,JUN,DEDP,1.47
1989,MAR,EGAT,3175.6099999999997
1989,MAR,IMPORTED,27.94
1989,MAR,DEDP,0.63
1989,MAY,EGAT,3274.24
1989,MAY,IMPORTED,28.44
1989,MAY,DEDP,0.88
1989,NOV,EGAT,3153.9900000000002
1989,NOV,IMPORTED,84.79
1989,NOV,DEDP,1.42
1989,OCT,EGAT,3265.9700000000003
1989,OCT,IMPORTED,80.99
1989,OCT,DEDP,3.34
1989,SEP,EGAT,3364.340000000002
1989,SEP,IMPORTED,66.05
1989,SEP,DEDP,2.34
1990,APR,EGAT,3668.691
1990,APR,IMPORTED,39.76
1990,APR,DEDP,1.39
1990,AUG,EGAT,3851.621
1990,AUG,IMPORTED,64.41
1990,AUG,DEDP,3.81
1990,DEC,EGAT,3594.271
1990,DEC,IMPORTED,60.21
1990,DEC,DEDP,0.77
1990,FEB,EGAT,3271.432
1990,FEB,IMPORTED,51.83
1990,FEB,DEDP,0.843
1990,JAN,EGAT,3341.621
1990,JAN,IMPORTED,67.57
1990,JAN,DEDP,0.95
1990,JUL,EGAT,3747.0009999999997
1990,JUL,IMPORTED,56.34
1990,JUL,DEDP,3.79
1990,JUN,EGAT,3771.9110000000005
1990,JUN,IMPORTED,48.59
1990,JUN,DEDP,3.08
1990,MAR,EGAT,3755.431
1990,MAR,IMPORTED,48.2
1990,MAR,DEDP,1.27
1990,MAY,EGAT,3842.3710000000005
1990,MAY,IMPORTED,32.66
1990,MAY,DEDP,2.36
1990,NOV,EGAT,3705.591
1990,NOV,IMPORTED,56.41
1990,NOV,DEDP,1.29
1990,OCT,EGAT,3802.1620000000003
1990,OCT,IMPORTED,65.95
1990,OCT,DEDP,1.63
1990,SEP,EGAT,3736.4230000000002
1990,SEP,IMPORTED,60.39
1990,SEP,DEDP,2.8
1991,APR,EGAT,4094.511
1991,APR,IMPORTED,55.24
1991,APR,DEDP,3.46
1991,AUG,EGAT,4275.792
1991,AUG,IMPORTED,85.75
1991,AUG,DEDP,0.98
1991,DEC,EGAT,4140.7519999999995
1991,DEC,IMPORTED,25
1991,DEC,DEDP,1.95
1991,FEB,EGAT,3496.291
1991,FEB,IMPORTED,42.69
1991,FEB,DEDP,1.05
1991,JAN,EGAT,3922.1710000000003
1991,JAN,IMPORTED,40.98
1991,JAN,DEDP,0.79
1991,JUL,EGAT,4351.8820000000005
1991,JUL,IMPORTED,69.66
1991,JUL,DEDP,1.1
1991,JUN,EGAT,4228.771000000001
1991,JUN,IMPORTED,40.22
1991,JUN,DEDP,2.92
1991,MAR,EGAT,4347.602
1991,MAR,IMPORTED,41.99
1991,MAR,DEDP,1.4
1991,MAY,EGAT,4431.0109999999995
1991,MAY,IMPORTED,35.24
1991,MAY,DEDP,1.89
1991,NOV,EGAT,4124.642000000001
1991,NOV,IMPORTED,49.49
1991,NOV,DEDP,3.01
1991,OCT,EGAT,4374.841
1991,OCT,IMPORTED,50.27
1991,OCT,DEDP,6.74
1991,SEP,EGAT,4303.471
1991,SEP,IMPORTED,56.58
1991,SEP,DEDP,3.36
1992,APR,EGAT,4860.844
1992,APR,IMPORTED,29.11
1992,APR,DEDP,1.973
1992,AUG,EGAT,4901.9929999999995
1992,AUG,IMPORTED,75.4
1992,AUG,DEDP,0.59
1992,DEC,EGAT,4703.212
1992,DEC,IMPORTED,19.73
1992,DEC,DEDP,1.52
1992,FEB,EGAT,4162.0
1992,FEB,IMPORTED,35.23
1992,FEB,DEDP,1.78
1992,JAN,EGAT,4206.1900000000005
1992,JAN,IMPORTED,23.44
1992,JAN,DEDP,1.59
1992,JUL,EGAT,4936.9220000000005
1992,JUL,IMPORTED,69.72
1992,JUL,DEDP,0.5
1992,JUN,EGAT,4856.64
1992,JUN,IMPORTED,46.55
1992,JUN,DEDP,0.38
1992,MAR,EGAT,4905.853000000001
1992,MAR,IMPORTED,21.034
1992,MAR,DEDP,1.76
1992,MAY,EGAT,5066.552000000001
1992,MAY,IMPORTED,34.38
1992,MAY,DEDP,1.57
1992,NOV,EGAT,4618.5160000000005
1992,NOV,IMPORTED,27.64
1992,NOV,DEDP,2.19
1992,OCT,EGAT,4856.032
1992,OCT,IMPORTED,47.084
1992,OCT,DEDP,3.62
1992,SEP,EGAT,4933.683999999999
1992,SEP,IMPORTED,50.58
1992,SEP,DEDP,2.24
1993,APR,EGAT,5200.961
1993,APR,IMPORTED,24.685
1993,APR,DEDP,1.669
1993,AUG,EGAT,5329.3769999999995
1993,AUG,IMPORTED,116.289
1993,AUG,DEDP,2.66
1993,DEC,EGAT,5074.544
1993,DEC,IMPORTED,49.06
1993,DEC,DEDP,1.27
1993,FEB,EGAT,4610.478
1993,FEB,IMPORTED,15.832
1993,FEB,DEDP,1.446
1993,JAN,EGAT,4696.914000000001
1993,JAN,IMPORTED,22.758
1993,JAN,DEDP,1.621
1993,JUL,EGAT,5682.449
1993,JUL,IMPORTED,77.836
1993,JUL,DEDP,1.99
1993,JUN,EGAT,5463.168
1993,JUN,IMPORTED,45.453
1993,JUN,DEDP,1.795
1993,MAR,EGAT,5465.724
1993,MAR,IMPORTED,20.703
1993,MAR,DEDP,1.622
1993,MAY,EGAT,5619.727000000001
1993,MAY,IMPORTED,31.914
1993,MAY,DEDP,2.102
1993,NOV,EGAT,5328.389000000001
1993,NOV,IMPORTED,37.278
1993,NOV,DEDP,2.934
1993,OCT,EGAT,5500.822
1993,OCT,IMPORTED,82.616
1993,OCT,DEDP,4.725
1993,SEP,EGAT,5336.52
1993,SEP,IMPORTED,120.092
1993,SEP,DEDP,4.422
1994,APR,EGAT,5894.123
1994,APR,IMPORTED,42.141
1994,APR,DEDP,2.174
1994,APR,SPP,1.484
1994,AUG,EGAT,6048.826
1994,AUG,IMPORTED,116.486
1994,AUG,DEDP,7.173
1994,DEC,EGAT,5469.467000000001
1994,DEC,IMPORTED,60.388
1994,DEC,DEDP,0.742
1994,DEC,SPP,7.785
1994,DEC,IPP,564.627
1994,FEB,EGAT,5242.516
1994,FEB,IMPORTED,42.804
1994,FEB,DEDP,1.643
1994,FEB,SPP,0.252
1994,JAN,EGAT,5413.276
1994,JAN,IMPORTED,47.307
1994,JAN,DEDP,1.698
1994,JAN,SPP,0.061
1994,JUL,EGAT,5995.103
1994,JUL,IMPORTED,103.992
1994,JUL,DEDP,3.147
1994,JUL,SPP,0.04
1994,JUN,EGAT,6002.001000000001
1994,JUN,IMPORTED,60.647
1994,JUN,DEDP,1.806
1994,JUN,SPP,0.108
1994,MAR,EGAT,6052.678999999999
1994,MAR,IMPORTED,47.606
1994,MAR,DEDP,1.886
1994,MAR,SPP,1.247
1994,MAY,EGAT,6205.736999999999
1994,MAY,IMPORTED,50.381
1994,MAY,DEDP,1.927
1994,MAY,SPP,1.078
1994,NOV,EGAT,6058.6269999999995
1994,NOV,IMPORTED,64.505
1994,NOV,DEDP,1.069
1994,NOV,SPP,0.612
1994,OCT,EGAT,6057.414
1994,OCT,IMPORTED,113.87
1994,OCT,DEDP,4.489
1994,OCT,SPP,0.158
1994,SEP,EGAT,6048.2210000000005
1994,SEP,IMPORTED,120.688
1994,SEP,DEDP,8.762
1994,SEP,SPP,0.476
1995,APR,EGAT,5950.092000000001
1995,APR,IMPORTED,38.78
1995,APR,DEDP,1.782
1995,APR,SPP,16.564
1995,APR,IPP,697.847
1995,AUG,EGAT,6166.344
1995,AUG,IMPORTED,93.07
1995,AUG,DEDP,3.073
1995,AUG,SPP,16.255
1995,AUG,IPP,736.717
1995,DEC,EGAT,5576.503
1995,DEC,IMPORTED,55.127
1995,DEC,DEDP,0.589
1995,DEC,SPP,52.854
1995,DEC,IPP,687.959
1995,FEB,EGAT,5044.941
1995,FEB,IMPORTED,46.852
1995,FEB,DEDP,0.863
1995,FEB,SPP,16.708
1995,FEB,IPP,649.606
1995,JAN,EGAT,5256.183
1995,JAN,IMPORTED,44.81
1995,JAN,DEDP,0.642
1995,JAN,SPP,10.007
1995,JAN,IPP,702.343
1995,JUL,EGAT,6149.996
1995,JUL,IMPORTED,54.341
1995,JUL,DEDP,3.421
1995,JUL,SPP,7.166
1995,JUL,IPP,753.179
1995,JUN,EGAT,6277.339999999999
1995,JUN,IMPORTED,41.035
1995,JUN,DEDP,3.069
1995,JUN,SPP,8.606
1995,JUN,IPP,684.255
1995,MAR,EGAT,6314.8189999999995
1995,MAR,IMPORTED,40.29
1995,MAR,DEDP,1.458
1995,MAR,SPP,16.97
1995,MAR,IPP,734.505
1995,MAY,EGAT,6421.9800000000005
1995,MAY,IMPORTED,39.004
1995,MAY,DEDP,1.852
1995,MAY,SPP,7.371
1995,MAY,IPP,654.455
1995,NOV,EGAT,5860.138999999999
1995,NOV,IMPORTED,57.684
1995,NOV,DEDP,0.57
1995,NOV,SPP,41.767
1995,NOV,IPP,700.362
1995,OCT,EGAT,6078.170999999999
1995,OCT,IMPORTED,83.298
1995,OCT,DEDP,2.304
1995,OCT,SPP,45.654
1995,OCT,IPP,717.669
1995,SEP,EGAT,6000.298000000001
1995,SEP,IMPORTED,104.83
1995,SEP,DEDP,6.381
1995,SEP,SPP,21.731
1995,SEP,IPP,633.847
1996,APR,EGAT,6434.959999999999
1996,APR,IMPORTED,33.807
1996,APR,DEDP,1.843
1996,APR,SPP,83.963
1996,APR,IPP,748.118
1996,AUG,EGAT,6428.43
1996,AUG,IMPORTED,99.189
1996,AUG,DEDP,5.848
1996,AUG,SPP,105.437
1996,AUG,IPP,1075.851
1996,DEC,EGAT,5620.154
1996,DEC,IMPORTED,85.641
1996,DEC,DEDP,0.939
1996,DEC,SPP,154.777
1996,DEC,IPP,974.224
1996,FEB,EGAT,5633.290999999999
1996,FEB,IMPORTED,43.774
1996,FEB,DEDP,1.804
1996,FEB,SPP,68.559
1996,FEB,IPP,681.743
1996,JAN,EGAT,5927.781
1996,JAN,IMPORTED,40.475
1996,JAN,DEDP,0.621
1996,JAN,SPP,74.847
1996,JAN,IPP,670.057
1996,JUL,EGAT,6312.934999999999
1996,JUL,IMPORTED,64.617
1996,JUL,DEDP,1.917
1996,JUL,SPP,100.137
1996,JUL,IPP,1171.038
1996,JUN,EGAT,6462.625000000001
1996,JUN,IMPORTED,54.63
1996,JUN,DEDP,2.105
1996,JUN,SPP,91.733
1996,JUN,IPP,811.812
1996,MAR,EGAT,6779.135
1996,MAR,IMPORTED,35.377
1996,MAR,DEDP,1.989
1996,MAR,SPP,75.103
1996,MAR,IPP,759.339
1996,MAY,EGAT,6828.194
1996,MAY,IMPORTED,38.915
1996,MAY,DEDP,1.868
1996,MAY,SPP,90.13
1996,MAY,IPP,726.537
1996,NOV,EGAT,6147.598
1996,NOV,IMPORTED,81.433
1996,NOV,DEDP,0.753
1996,NOV,SPP,143.358
1996,NOV,IPP,955.26
1996,OCT,EGAT,6289.536
1996,OCT,IMPORTED,113.679
1996,OCT,DEDP,2.393
1996,OCT,SPP,139.449
1996,OCT,IPP,1125.421
1996,SEP,EGAT,6137.161999999999
1996,SEP,IMPORTED,114.069
1996,SEP,DEDP,4.091
1996,SEP,SPP,105.433
1996,SEP,IPP,1031.334
1997,APR,EGAT,6312.161999999999
1997,APR,IMPORTED,43.659
1997,APR,DEDP,1.907
1997,APR,SPP,174.897
1997,APR,IPP,1124.582
1997,AUG,EGAT,6469.097
1997,AUG,IMPORTED,99.792
1997,AUG,DEDP,8.156
1997,AUG,SPP,169.492
1997,AUG,IPP,1293.993
1997,DEC,EGAT,5858.398
1997,DEC,IMPORTED,51.865
1997,DEC,DEDP,0.629
1997,DEC,SPP,223.444
1997,DEC,IPP,1193.129
1997,FEB,EGAT,5781.334000000001
1997,FEB,IMPORTED,40.476
1997,FEB,DEDP,1.108
1997,FEB,SPP,146.006
1997,FEB,IPP,1018.521
1997,JAN,EGAT,5795.009999999999
1997,JAN,IMPORTED,45.756
1997,JAN,DEDP,1.245
1997,JAN,SPP,165.085
1997,JAN,IPP,1132.288
1997,JUL,EGAT,6703.785
1997,JUL,IMPORTED,69.28
1997,JUL,DEDP,1.714
1997,JUL,SPP,168.217
1997,JUL,IPP,1244.427
1997,JUN,EGAT,6930.075000000001
1997,JUN,IMPORTED,42.257
1997,JUN,DEDP,1.34
1997,JUN,SPP,170.311
1997,JUN,IPP,1179.848
1997,MAR,EGAT,6857.684
1997,MAR,IMPORTED,32.406
1997,MAR,DEDP,1.682
1997,MAR,SPP,168.064
1997,MAR,IPP,1235.992
1997,MAY,EGAT,7126.357999999999
1997,MAY,IMPORTED,44.016
1997,MAY,DEDP,1.938
1997,MAY,SPP,185.772
1997,MAY,IPP,1186.838
1997,NOV,EGAT,5873.219
1997,NOV,IMPORTED,66.286
1997,NOV,DEDP,0.656
1997,NOV,SPP,191.314
1997,NOV,IPP,1211.39
1997,OCT,EGAT,6357.567000000001
1997,OCT,IMPORTED,105.172
1997,OCT,DEDP,2.32
1997,OCT,SPP,197.292
1997,OCT,IPP,1185.09
1997,SEP,EGAT,6263.892
1997,SEP,IMPORTED,104.663
1997,SEP,DEDP,4.49
1997,SEP,SPP,191.001
1997,SEP,IPP,1148.518
1998,APR,EGAT,6340.649
1998,APR,IMPORTED,92.214
1998,APR,DEDP,1.418
1998,APR,SPP,234.571
1998,APR,IPP,1157.959
1998,AUG,EGAT,6157.045000000001
1998,AUG,IMPORTED,151.91
1998,AUG,DEDP,2.258
1998,AUG,SPP,231.216
1998,AUG,IPP,1099.256
1998,DEC,EGAT,5447.518999999999
1998,DEC,IMPORTED,140.71
1998,DEC,DEDP,0.743
1998,DEC,SPP,310.682
1998,DEC,IPP,942.269
1998,FEB,EGAT,5789.829
1998,FEB,IMPORTED,102.902
1998,FEB,DEDP,0.87
1998,FEB,SPP,223.01
1998,FEB,IPP,1104.667
1998,JAN,EGAT,5675.8730000000005
1998,JAN,IMPORTED,71.987
1998,JAN,DEDP,0.967
1998,JAN,SPP,240.598
1998,JAN,IPP,1237.717
1998,JUL,EGAT,6271.161
1998,JUL,IMPORTED,197.53
1998,JUL,DEDP,1.544
1998,JUL,SPP,243.05
1998,JUL,IPP,1099.905
1998,JUN,EGAT,6317.456999999999
1998,JUN,IMPORTED,181.123
1998,JUN,DEDP,1.407
1998,JUN,SPP,229.219
1998,JUN,IPP,1122.347
1998,MAR,EGAT,6764.629000000001
1998,MAR,IMPORTED,87.181
1998,MAR,DEDP,1.522
1998,MAR,SPP,243.702
1998,MAR,IPP,1234.638
1998,MAY,EGAT,6691.544999999999
1998,MAY,IMPORTED,101.403
1998,MAY,DEDP,1.329
1998,MAY,SPP,259.396
1998,MAY,IPP,1190.193
1998,NOV,EGAT,5573.116000000001
1998,NOV,IMPORTED,130.025
1998,NOV,DEDP,0.626
1998,NOV,SPP,337.882
1998,NOV,IPP,1063.311
1998,OCT,EGAT,5935.298
1998,OCT,IMPORTED,174.336
1998,OCT,DEDP,0.791
1998,OCT,SPP,327.987
1998,OCT,IPP,1152.293
1998,SEP,EGAT,5826.71
1998,SEP,IMPORTED,191.391
1998,SEP,DEDP,1.132
1998,SEP,SPP,310.533
1998,SEP,IPP,1131.172
1999,APR,EGAT,5615.339000000001
1999,APR,IMPORTED,76.946
1999,APR,DEDP,1.896
1999,APR,SPP,780.39
1999,APR,IPP,1232.232
1999,AUG,EGAT,5808.471
1999,AUG,IMPORTED,258.48
1999,AUG,DEDP,7.328
1999,AUG,SPP,759.754
1999,AUG,IPP,1180.642
1999,DEC,EGAT,4801.531999999999
1999,DEC,IMPORTED,250.826
1999,DEC,DEDP,1.188
1999,DEC,SPP,792.62
1999,DEC,IPP,1080.866
1999,FEB,EGAT,5160.273999999999
1999,FEB,IMPORTED,63.178
1999,FEB,DEDP,1.076
1999,FEB,SPP,398.408
1999,FEB,IPP,1101.476
1999,JAN,EGAT,5389.486000000001
1999,JAN,IMPORTED,102.681
1999,JAN,DEDP,0.818
1999,JAN,SPP,385.311
1999,JAN,IPP,1143.123
1999,JUL,EGAT,5998.445
1999,JUL,IMPORTED,241.722
1999,JUL,DEDP,5.501
1999,JUL,SPP,654.96
1999,JUL,IPP,1203.768
1999,JUN,EGAT,5695.25
1999,JUN,IMPORTED,199.057
1999,JUN,DEDP,3.25
1999,JUN,SPP,1015.65
1999,JUN,IPP,1232.388
1999,MAR,EGAT,6398.139999999999
1999,MAR,IMPORTED,61.91
1999,MAR,DEDP,1.763
1999,MAR,SPP,501.312
1999,MAR,IPP,1279.603
1999,MAY,EGAT,5661.098000000001
1999,MAY,IMPORTED,177.146
1999,MAY,DEDP,1.969
1999,MAY,SPP,905.681
1999,MAY,IPP,1281.536
1999,NOV,EGAT,5543.861000000001
1999,NOV,IMPORTED,262.92
1999,NOV,DEDP,1.151
1999,NOV,SPP,670.014
1999,NOV,IPP,1198.663
1999,OCT,EGAT,5734.424000000001
1999,OCT,IMPORTED,283.139
1999,OCT,DEDP,1.758
1999,OCT,SPP,725.106
1999,OCT,IPP,1189.592
1999,SEP,EGAT,5761.755000000001
1999,SEP,IMPORTED,277.656
1999,SEP,DEDP,6.794
1999,SEP,SPP,763.948
1999,SEP,IPP,1135.679
2000,APR,EGAT,5822.869000000001
2000,APR,IMPORTED,192.371
2000,APR,DEDP,2.839
2000,APR,SPP,752.322
2000,APR,IPP,1238.858
2000,AUG,EGAT,5631.994000000001
2000,AUG,IMPORTED,320.312
2000,AUG,DEDP,2.567
2000,AUG,SPP,788.435
2000,AUG,IPP,1795.48
2000,DEC,EGAT,4840.209999999999
2000,DEC,IMPORTED,227.723
2000,DEC,DEDP,2.572
2000,DEC,SPP,955.618
2000,DEC,IPP,1944.257
2000,FEB,EGAT,5415.570000000001
2000,FEB,IMPORTED,137.867
2000,FEB,DEDP,2.195
2000,FEB,SPP,702.995
2000,FEB,IPP,1134.585
2000,JAN,EGAT,5440.6089999999995
2000,JAN,IMPORTED,176.639
2000,JAN,DEDP,1.763
2000,JAN,SPP,803.34
2000,JAN,IPP,1284.688
2000,JUL,EGAT,5797.021000000001
2000,JUL,IMPORTED,301.01
2000,JUL,DEDP,3.574
2000,JUL,SPP,825.171
2000,JUL,IPP,1525.35
2000,JUN,EGAT,5875.466999999999
2000,JUN,IMPORTED,267.332
2000,JUN,DEDP,3.498
2000,JUN,SPP,863.286
2000,JUN,IPP,1411.576
2000,MAR,EGAT,6371.783
2000,MAR,IMPORTED,167.361
2000,MAR,DEDP,2.333
2000,MAR,SPP,864.826
2000,MAR,IPP,1199.615
2000,MAY,EGAT,6159.4039999999995
2000,MAY,IMPORTED,294.31
2000,MAY,DEDP,3.932
2000,MAY,SPP,899.835
2000,MAY,IPP,1392.575
2000,NOV,EGAT,4520.957
2000,NOV,IMPORTED,246.174
2000,NOV,DEDP,0.362
2000,NOV,SPP,963.563
2000,NOV,IPP,2088.638
2000,OCT,EGAT,5663.240000000001
2000,OCT,IMPORTED,298.645
2000,OCT,SPP,915.462
2000,OCT,IPP,1617.915
2000,SEP,EGAT,5568.0419999999995
2000,SEP,IMPORTED,336.509
2000,SEP,SPP,840.687
2000,SEP,IPP,1579.387
2001,APR,EGAT,5436.332
2001,APR,IMPORTED,138.515
2001,APR,DEDP,4.035
2001,APR,SPP,901.14
2001,APR,IPP,2501.702
2001,AUG,EGAT,5423.819
2001,AUG,IMPORTED,316.532
2001,AUG,DEDP,4.111
2001,AUG,SPP,1008.982
2001,AUG,IPP,2304.051
2001,DEC,EGAT,4475.103
2001,DEC,IMPORTED,213.273
2001,DEC,DEDP,0.808
2001,DEC,SPP,1007.261
2001,DEC,IPP,2400.956
2001,FEB,EGAT,4621.496
2001,FEB,IMPORTED,158.355
2001,FEB,DEDP,2.115
2001,FEB,SPP,886.965
2001,FEB,IPP,2258.148
2001,JAN,EGAT,4607.612000000001
2001,JAN,IMPORTED,206.111
2001,JAN,DEDP,2.349
2001,JAN,SPP,975.171
2001,JAN,IPP,2333.252
2001,JUL,EGAT,5143.403
2001,JUL,IMPORTED,318.688
2001,JUL,DEDP,2.263
2001,JUL,SPP,912.524
2001,JUL,IPP,2636.478
2001,JUN,EGAT,5464.189
2001,JUN,IMPORTED,279.938
2001,JUN,DEDP,3.467
2001,JUN,SPP,948.165
2001,JUN,IPP,2201.77
2001,MAR,EGAT,5236.892999999999
2001,MAR,IMPORTED,171.131
2001,MAR,DEDP,2.939
2001,MAR,SPP,1038.505
2001,MAR,IPP,2477.888
2001,MAY,EGAT,5573.925
2001,MAY,IMPORTED,205.79
2001,MAY,DEDP,3.597
2001,MAY,SPP,874.706
2001,MAY,IPP,2432.035
2001,NOV,EGAT,4883.46
2001,NOV,IMPORTED,257.962
2001,NOV,DEDP,0.75
2001,NOV,SPP,1026.938
2001,NOV,IPP,1903.203
2001,OCT,EGAT,5249.2660000000005
2001,OCT,IMPORTED,302.729
2001,OCT,DEDP,2.357
2001,OCT,SPP,1056.529
2001,OCT,IPP,2235.676
2001,SEP,EGAT,5238.178999999999
2001,SEP,IMPORTED,312.69
2001,SEP,DEDP,2.286
2001,SEP,SPP,1007.405
2001,SEP,IPP,2272.983
2002,APR,EGAT,5571.886
2002,APR,IMPORTED,163.458
2002,APR,DEDP,2.807
2002,APR,SPP,1011.909
2002,APR,IPP,2628.297
2002,AUG,EGAT,5060.6050000000005
2002,AUG,IMPORTED,313.36
2002,AUG,DEDP,3.529
2002,AUG,SPP,1097.063
2002,AUG,IPP,3124.977
2002,DEC,EGAT,4642.279
2002,DEC,IMPORTED,223.118
2002,DEC,DEDP,0.775
2002,DEC,SPP,1053.694
2002,DEC,IPP,3232.521
2002,FEB,EGAT,5183.422
2002,FEB,IMPORTED,149.192
2002,FEB,DEDP,2.067
2002,FEB,SPP,907.955
2002,FEB,IPP,1945.315
2002,JAN,EGAT,4824.380999999999
2002,JAN,IMPORTED,190.302
2002,JAN,DEDP,1.746
2002,JAN,SPP,995.499
2002,JAN,IPP,2252.085
2002,JUL,EGAT,4731.823
2002,JUL,IMPORTED,301.329
2002,JUL,DEDP,3.529
2002,JUL,SPP,1086.261
2002,JUL,IPP,3629.057
2002,JUN,EGAT,4628.901000000001
2002,JUN,IMPORTED,271.794
2002,JUN,DEDP,2.602
2002,JUN,SPP,1071.202
2002,JUN,IPP,3509.655
2002,MAR,EGAT,6223.583999999999
2002,MAR,IMPORTED,146.5
2002,MAR,DEDP,2.314
2002,MAR,SPP,1086.212
2002,MAR,IPP,2228.503
2002,MAY,EGAT,4954.962
2002,MAY,IMPORTED,221.697
2002,MAY,DEDP,2.921
2002,MAY,SPP,1082.675
2002,MAY,IPP,3392.415
2002,NOV,EGAT,4847.597000000001
2002,NOV,IMPORTED,241.297
2002,NOV,DEDP,0.749
2002,NOV,SPP,1061.57
2002,NOV,IPP,3028.723
2002,OCT,EGAT,5247.355
2002,OCT,IMPORTED,300.716
2002,OCT,DEDP,3.515
2002,OCT,SPP,1087.528
2002,OCT,IPP,2935.43
2002,SEP,EGAT,5475.715999999999
2002,SEP,IMPORTED,289.412
2002,SEP,DEDP,5.153
2002,SEP,SPP,1006.681
2002,SEP,IPP,2562.249
2003,APR,EGAT,5087.9259999999995
2003,APR,IMPORTED,114.733
2003,APR,DEDP,2.822
2003,APR,SPP,1114.293
2003,APR,IPP,3643.328
2003,AUG,EGAT,4483.381
2003,AUG,IMPORTED,259.511
2003,AUG,DEDP,3.722
2003,AUG,SPP,1131.573
2003,AUG,IPP,4385.403
2003,DEC,EGAT,4566.428999999999
2003,DEC,IMPORTED,181.648
2003,DEC,DEDP,1.166
2003,DEC,SPP,1123.81
2003,DEC,IPP,3481.381
2003,FEB,EGAT,4632.862
2003,FEB,IMPORTED,140.375
2003,FEB,DEDP,1.575
2003,FEB,SPP,1049.509
2003,FEB,IPP,2995.594
2003,JAN,EGAT,4989.322000000001
2003,JAN,IMPORTED,189.802
2003,JAN,DEDP,1.155
2003,JAN,SPP,1085.384
2003,JAN,IPP,2712.214
2003,JUL,EGAT,4603.240000000001
2003,JUL,IMPORTED,237.112
2003,JUL,DEDP,2.355
2003,JUL,SPP,1156.407
2003,JUL,IPP,4053.298
2003,JUN,EGAT,5091.49
2003,JUN,IMPORTED,223.706
2003,JUN,DEDP,2.276
2003,JUN,SPP,1107.808
2003,JUN,IPP,3586.248
2003,MAR,EGAT,5367.058
2003,MAR,IMPORTED,146.974
2003,MAR,DEDP,2.916
2003,MAR,SPP,1080.848
2003,MAR,IPP,3617.316
2003,MAY,EGAT,5524.677000000001
2003,MAY,IMPORTED,174.739
2003,MAY,DEDP,2.918
2003,MAY,SPP,1129.647
2003,MAY,IPP,3708.092
2003,NOV,EGAT,4797.451
2003,NOV,IMPORTED,221.68
2003,NOV,DEDP,1.127
2003,NOV,SPP,1081.219
2003,NOV,IPP,3883.664
2003,OCT,EGAT,4638.7210000000005
2003,OCT,IMPORTED,298.834
2003,OCT,DEDP,3.519
2003,OCT,SPP,1110.188
2003,OCT,IPP,4215.179
2003,SEP,EGAT,4487.182000000001
2003,SEP,IMPORTED,284.298
2003,SEP,DEDP,6.743
2003,SEP,SPP,1132.542
2003,SEP,IPP,4051.051
2004,APR,EGAT,4917.913999999999
2004,APR,IMPORTED,310.092
2004,APR,DEDP,2.821
2004,APR,SPP,1100.758
2004,APR,IPP,4445.046
2004,AUG,EGAT,4877.377999999999
2004,AUG,IMPORTED,382.178
2004,AUG,DEDP,3.147
2004,AUG,SPP,1110.44
2004,AUG,IPP,4549.824
2004,DEC,EGAT,4931.455999999999
2004,DEC,IMPORTED,254.498
2004,DEC,DEDP,0.797
2004,DEC,SPP,1105.594
2004,DEC,IPP,3620.21
2004,FEB,EGAT,4754.957
2004,FEB,IMPORTED,182.149
2004,FEB,DEDP,1.623
2004,FEB,SPP,1066.629
2004,FEB,IPP,3580.67
2004,JAN,EGAT,4711.6810000000005
2004,JAN,IMPORTED,151.658
2004,JAN,DEDP,1.346
2004,JAN,SPP,1119.306
2004,JAN,IPP,3602.204
2004,JUL,EGAT,5131.627
2004,JUL,IMPORTED,361.387
2004,JUL,DEDP,3.71
2004,JUL,SPP,1157.758
2004,JUL,IPP,4453.167
2004,JUN,EGAT,5147.254999999999
2004,JUN,IMPORTED,282.325
2004,JUN,DEDP,2.831
2004,JUN,SPP,1153.474
2004,JUN,IPP,4062.541
2004,MAR,EGAT,5425.69
2004,MAR,IMPORTED,148.301
2004,MAR,DEDP,2.34
2004,MAR,SPP,1143.143
2004,MAR,IPP,4482.166
2004,MAY,EGAT,5360.483000000001
2004,MAY,IMPORTED,216.585
2004,MAY,DEDP,2.32
2004,MAY,SPP,1149.34
2004,MAY,IPP,4447.968
2004,NOV,EGAT,5272.023
2004,NOV,IMPORTED,352.356
2004,NOV,DEDP,0.561
2004,NOV,SPP,1052.443
2004,NOV,IPP,4075.577
2004,OCT,EGAT,5042.142
2004,OCT,IMPORTED,373.341
2004,OCT,DEDP,0.963
2004,OCT,SPP,1172.717
2004,OCT,IPP,4469.367
2004,SEP,EGAT,4921.09
2004,SEP,IMPORTED,362.984
2004,SEP,DEDP,3.041
2004,SEP,SPP,1108.999
2004,SEP,IPP,4384.123
2005,APR,EGAT,5562.084000000001
2005,APR,IMPORTED,311.016
2005,APR,DEDP,0.962
2005,APR,SPP,986.547
2005,APR,IPP,4440.567
2005,AUG,EGAT,5224.611000000001
2005,AUG,IMPORTED,489.889
2005,AUG,DEDP,2.502
2005,AUG,SPP,1211.619
2005,AUG,IPP,4541.854
2005,DEC,EGAT,5116.316
2005,DEC,IMPORTED,400.927
2005,DEC,DEDP,0.97
2005,DEC,SPP,1174.614
2005,DEC,IPP,3641.209
2005,FEB,EGAT,4871.4299999999985
2005,FEB,IMPORTED,193.955
2005,FEB,DEDP,1.321
2005,FEB,SPP,972.291
2005,FEB,IPP,4322.44
2005,JAN,EGAT,4653.142000000001
2005,JAN,IMPORTED,234.066
2005,JAN,DEDP,1.449
2005,JAN,SPP,1110.949
2005,JAN,IPP,4227.956
2005,JUL,EGAT,5450.994
2005,JUL,IMPORTED,434.848
2005,JUL,DEDP,0.58
2005,JUL,SPP,1188.947
2005,JUL,IPP,4344.246
2005,JUN,EGAT,5605.4039999999995
2005,JUN,IMPORTED,409.149
2005,JUN,DEDP,0.56
2005,JUN,SPP,1197.836
2005,JUN,IPP,4424.282
2005,MAR,EGAT,6002.609
2005,MAR,IMPORTED,304.439
2005,MAR,DEDP,1.678
2005,MAR,SPP,1149.419
2005,MAR,IPP,4415.172
2005,MAY,EGAT,6197.883000000001
2005,MAY,IMPORTED,282.501
2005,MAY,DEDP,0.865
2005,MAY,SPP,1119.516
2005,MAY,IPP,4752.717
2005,NOV,EGAT,5249.271000000001
2005,NOV,IMPORTED,440.681
2005,NOV,DEDP,1.069
2005,NOV,SPP,1119.648
2005,NOV,IPP,4213.144
2005,OCT,EGAT,5498.718000000001
2005,OCT,IMPORTED,376.636
2005,OCT,DEDP,2.022
2005,OCT,SPP,1145.72
2005,OCT,IPP,4522.766
2005,SEP,EGAT,5457.185
2005,SEP,IMPORTED,493.778
2005,SEP,DEDP,3.426
2005,SEP,SPP,1169.505
2005,SEP,IPP,4126.295
2006,APR,EGAT,5751.928000000001
2006,APR,IMPORTED,409.014
2006,APR,DEDP,4.281
2006,APR,SPP,1035.714
2006,APR,IPP,4426.532
2006,AUG,EGAT,5391.866999999999
2006,AUG,IMPORTED,511.427
2006,AUG,DEDP,9.123
2006,AUG,SPP,1199.597
2006,AUG,IPP,5121.172
2006,DEC,EGAT,4929.009000000001
2006,DEC,IMPORTED,390.292
2006,DEC,DEDP,1.264
2006,DEC,SPP,1138.621
2006,DEC,IPP,4644.463
2006,FEB,EGAT,5454.959999999999
2006,FEB,IMPORTED,366.694
2006,FEB,DEDP,2.058
2006,FEB,SPP,996.486
2006,FEB,IPP,3948.545
2006,JAN,EGAT,4912.287
2006,JAN,IMPORTED,377.456
2006,JAN,DEDP,1.75
2006,JAN,SPP,1161.361
2006,JAN,IPP,4303.945
2006,JUL,EGAT,5955.403
2006,JUL,IMPORTED,496.196
2006,JUL,DEDP,5.387
2006,JUL,SPP,1151.358
2006,JUL,IPP,4664.169
2006,JUN,EGAT,6348.570000000001
2006,JUN,IMPORTED,437.643
2006,JUN,DEDP,3.088
2006,JUN,SPP,1074.104
2006,JUN,IPP,4317.264
2006,MAR,EGAT,6524.468
2006,MAR,IMPORTED,449.858
2006,MAR,DEDP,3.099
2006,MAR,SPP,1175.93
2006,MAR,IPP,4566.684
2006,MAY,EGAT,6410.572
2006,MAY,IMPORTED,294.487
2006,MAY,DEDP,3.329
2006,MAY,SPP,1107.266
2006,MAY,IPP,4620.755
2006,NOV,EGAT,5225.968999999999
2006,NOV,IMPORTED,478.716
2006,NOV,DEDP,0.844
2006,NOV,SPP,1098.812
2006,NOV,IPP,5120.96
2006,OCT,EGAT,5558.973000000002
2006,OCT,IMPORTED,434.085
2006,OCT,DEDP,6.275
2006,OCT,SPP,1203.288
2006,OCT,IPP,4805.997
2006,SEP,EGAT,5364.317
2006,SEP,IMPORTED,505.986
2006,SEP,DEDP,4.292
2006,SEP,SPP,1188.414
2006,SEP,IPP,4822.165
2007,APR,EGAT,5842.803
2007,APR,IMPORTED,365.275
2007,APR,DEDP,3.722
2007,APR,SPP,1112.601
2007,APR,IPP,4890.089
2007,AUG,EGAT,5812.628
2007,AUG,IMPORTED,335.659
2007,AUG,DEDP,1.153
2007,AUG,SPP,1210.118
2007,AUG,IPP,5375.008
2007,DEC,EGAT,5278.045
2007,DEC,IMPORTED,418.368
2007,DEC,DEDP,0.977
2007,DEC,SPP,1218.905
2007,DEC,IPP,4950.603
2007,FEB,EGAT,4943.266000000001
2007,FEB,IMPORTED,278.82
2007,FEB,DEDP,1.714
2007,FEB,SPP,1119.125
2007,FEB,IPP,4560.371
2007,JAN,EGAT,4810.133
2007,JAN,IMPORTED,335.497
2007,JAN,DEDP,1.914
2007,JAN,SPP,1233.289
2007,JAN,IPP,4878.511
2007,JUL,EGAT,5604.638
2007,JUL,IMPORTED,422.916
2007,JUL,DEDP,1.152
2007,JUL,SPP,1180.703
2007,JUL,IPP,5367.563
2007,JUN,EGAT,5701.942
2007,JUN,IMPORTED,333.761
2007,JUN,DEDP,2.413
2007,JUN,SPP,1245.199
2007,JUN,IPP,5484.356
2007,MAR,EGAT,6229.13
2007,MAR,IMPORTED,386.005
2007,MAR,DEDP,3.845
2007,MAR,SPP,1259.968
2007,MAR,IPP,5383.247
2007,MAY,EGAT,5792.4400000000005
2007,MAY,IMPORTED,400.039
2007,MAY,DEDP,2.492
2007,MAY,SPP,1232.323
2007,MAY,IPP,5235.267
2007,NOV,EGAT,4992.885000000001
2007,NOV,IMPORTED,435.945
2007,NOV,DEDP,0.751
2007,NOV,SPP,1189.486
2007,NOV,IPP,4959.748
2007,OCT,EGAT,5169.47
2007,OCT,IMPORTED,502.59
2007,OCT,DEDP,0.772
2007,OCT,SPP,1236.832
2007,OCT,IPP,5569.632
2007,SEP,EGAT,5780.795000000001
2007,SEP,IMPORTED,273.483
2007,SEP,DEDP,0.796
2007,SEP,SPP,1200.901
2007,SEP,IPP,5463.815
2008,APR,EGAT,5798.381
2008,APR,IMPORTED,260.317
2008,APR,DEDP,3.555
2008,APR,SPP,1159.368
2008,APR,IPP,5370.338
2008,AUG,EGAT,5496.081000000001
2008,AUG,IMPORTED,271.387
2008,AUG,DEDP,3.127
2008,AUG,SPP,1176.01
2008,AUG,IPP,6092.152
2008,DEC,EGAT,5413.442000000001
2008,DEC,IMPORTED,138.023
2008,DEC,DEDP,1.164
2008,DEC,SPP,1127.009
2008,DEC,IPP,3859.108
2008,FEB,EGAT,4725.139999999999
2008,FEB,IMPORTED,170.173
2008,FEB,DEDP,2.148
2008,FEB,SPP,1155.928
2008,FEB,IPP,5477.564
2008,JAN,EGAT,4893.1539999999995
2008,JAN,IMPORTED,342.253
2008,JAN,DEDP,1.808
2008,JAN,SPP,1280.14
2008,JAN,IPP,5363.751
2008,JUL,EGAT,5465.6990000000005
2008,JUL,IMPORTED,275.81
2008,JUL,DEDP,3.124
2008,JUL,SPP,1156.32
2008,JUL,IPP,6169.549
2008,JUN,EGAT,5319.039
2008,JUN,IMPORTED,227.364
2008,JUN,DEDP,1.125
2008,JUN,SPP,1057.222
2008,JUN,IPP,6179.886
2008,MAR,EGAT,5555.601000000001
2008,MAR,IMPORTED,152.479
2008,MAR,DEDP,3.745
2008,MAR,SPP,1231.518
2008,MAR,IPP,6344.419
2008,MAY,EGAT,5674.133999999999
2008,MAY,IMPORTED,167.29
2008,MAY,DEDP,1.158
2008,MAY,SPP,1172.519
2008,MAY,IPP,6042.775
2008,NOV,EGAT,5137.776
2008,NOV,IMPORTED,183.027
2008,NOV,DEDP,1.266
2008,NOV,SPP,1140.683
2008,NOV,IPP,4884.892
2008,OCT,EGAT,5323.769
2008,OCT,IMPORTED,268.448
2008,OCT,DEDP,2.855
2008,OCT,SPP,1211.22
2008,OCT,IPP,5911.317
2008,SEP,EGAT,5104.119
2008,SEP,IMPORTED,327.002
2008,SEP,DEDP,3.695
2008,SEP,SPP,1168.496
2008,SEP,IPP,5770.069
2009,APR,EGAT,5950.459
2009,APR,IMPORTED,108.284
2009,APR,DEDP,3.708
2009,APR,SPP,1131.859
2009,APR,IPP,4970.9
2009,AUG,EGAT,5482.6990000000005
2009,AUG,IMPORTED,275.083
2009,AUG,DEDP,1.87
2009,AUG,SPP,1114.68
2009,AUG,IPP,6283.358
2009,DEC,EGAT,6019.012999999999
2009,DEC,IMPORTED,277.762
2009,DEC,DEDP,1.217
2009,DEC,SPP,1207.956
2009,DEC,IPP,4732.419
2009,FEB,EGAT,4858.56
2009,FEB,IMPORTED,106.098
2009,FEB,DEDP,2.074
2009,FEB,SPP,1028.562
2009,FEB,IPP,5098.891
2009,JAN,EGAT,5040.169
2009,JAN,IMPORTED,171.113
2009,JAN,DEDP,1.476
2009,JAN,SPP,1175.627
2009,JAN,IPP,4020.955
2009,JUL,EGAT,5493.836000000001
2009,JUL,IMPORTED,236.854
2009,JUL,DEDP,2.245
2009,JUL,SPP,1163.263
2009,JUL,IPP,5907.058
2009,JUN,EGAT,5484.283
2009,JUN,IMPORTED,182.692
2009,JUN,DEDP,1.49
2009,JUN,SPP,1210.228
2009,JUN,IPP,5793.663
2009,MAR,EGAT,6073.366
2009,MAR,IMPORTED,130.432
2009,MAR,DEDP,3.846
2009,MAR,SPP,1247.767
2009,MAR,IPP,5444.003
2009,MAY,EGAT,5959.045
2009,MAY,IMPORTED,147.446
2009,MAY,DEDP,2.26
2009,MAY,SPP,1149.936
2009,MAY,IPP,5523.269
2009,NOV,EGAT,5608.314
2009,NOV,IMPORTED,336.007
2009,NOV,DEDP,1.122
2009,NOV,SPP,1155.703
2009,NOV,IPP,5171.543
2009,OCT,EGAT,5820.524
2009,OCT,IMPORTED,273.762
2009,OCT,DEDP,1.689
2009,OCT,SPP,1161.962
2009,OCT,IPP,5854.993
2009,SEP,EGAT,5355.1449999999995
2009,SEP,IMPORTED,205.877
2009,SEP,DEDP,1.042
2009,SEP,SPP,1148.998
2009,SEP,IPP,6039.657
2010,APR,EGAT,6115.736
2010,APR,IMPORTED,741.429
2010,APR,DEDP,3.705
2010,APR,SPP,1170.348
2010,APR,IPP,5876.205
2010,APR,VSPP,124.324302
2010,AUG,EGAT,6268.136
2010,AUG,IMPORTED,768.501
2010,AUG,DEDP,3.03
2010,AUG,SPP,1152.602
2010,AUG,IPP,5549.607
2010,AUG,VSPP,67.056404
2010,DEC,EGAT,6475.886
2010,DEC,IMPORTED,423.471
2010,DEC,DEDP,0.757
2010,DEC,SPP,1228.464
2010,DEC,IPP,4709.848
2010,DEC,VSPP,116.659658
2010,FEB,EGAT,5654.4169999999995
2010,FEB,IMPORTED,143.127
2010,FEB,DEDP,1.722
2010,FEB,SPP,1095.524
2010,FEB,IPP,5702.456
2010,FEB,VSPP,117.107326
2010,JAN,EGAT,5579.996999999999
2010,JAN,IMPORTED,164.141
2010,JAN,DEDP,1.527
2010,JAN,SPP,1263.477
2010,JAN,IPP,5554.422
2010,JAN,VSPP,130.794354
2010,JUL,EGAT,5988.348999999999
2010,JUL,IMPORTED,801.08
2010,JUL,DEDP,2.307
2010,JUL,SPP,1050.591
2010,JUL,IPP,6372.144
2010,JUL,VSPP,78.81189
2010,JUN,EGAT,6078.115
2010,JUN,IMPORTED,789.052
2010,JUN,DEDP,1.486
2010,JUN,SPP,1090.418
2010,JUN,IPP,6275.379
2010,JUN,VSPP,89.558276
2010,MAR,EGAT,7190.1190000000015
2010,MAR,IMPORTED,568.333
2010,MAR,DEDP,3.838
2010,MAR,SPP,1267.293
2010,MAR,IPP,5466.863
2010,MAR,VSPP,136.545348
2010,MAY,EGAT,6564.354
2010,MAY,IMPORTED,791.993
2010,MAY,DEDP,1.537
2010,MAY,SPP,1153.959
2010,MAY,IPP,6360.425
2010,MAY,VSPP,114.035126
2010,NOV,EGAT,6397.092000000001
2010,NOV,IMPORTED,486.988
2010,NOV,DEDP,0.472
2010,NOV,SPP,1165.968
2010,NOV,IPP,4866.906
2010,NOV,VSPP,61.308659
2010,OCT,EGAT,6355.347000000001
2010,OCT,IMPORTED,795.422
2010,OCT,DEDP,1.105
2010,OCT,SPP,1139.271
2010,OCT,IPP,5350.088
2010,OCT,VSPP,61.986059
2010,SEP,EGAT,6076.5289999999995
2010,SEP,IMPORTED,780.247
2010,SEP,DEDP,2.153
2010,SEP,SPP,1092.894
2010,SEP,IPP,5691.644
2010,SEP,VSPP,62.32171
2011,APR,EGAT,5746.0509999999995
2011,APR,IMPORTED,1019.115
2011,APR,DEDP,3.357
2011,APR,SPP,1258.041
2011,APR,IPP,5317.576
2011,APR,VSPP,156.819494
2011,AUG,EGAT,6457.863
2011,AUG,IMPORTED,792.654
2011,AUG,DEDP,3.257
2011,AUG,SPP,1257.462
2011,AUG,IPP,5963.611
2011,AUG,VSPP,125.904892
2011,DEC,EGAT,5918.272
2011,DEC,IMPORTED,464.959
2011,DEC,SPP,1222.394
2011,DEC,IPP,4638.504
2011,DEC,VSPP,191.191019
2011,FEB,EGAT,6397.768999999999
2011,FEB,IMPORTED,638.013
2011,FEB,DEDP,1.731
2011,FEB,SPP,1104.25
2011,FEB,IPP,4416.78
2011,FEB,VSPP,145.349056
2011,JAN,EGAT,6287.291
2011,JAN,IMPORTED,412.365
2011,JAN,DEDP,1.384
2011,JAN,SPP,1312.23
2011,JAN,IPP,4590.693
2011,JAN,VSPP,157.425881
2011,JUL,EGAT,6012.47
2011,JUL,IMPORTED,1315.343
2011,JUL,DEDP,1.151
2011,JUL,SPP,1311.079
2011,JUL,IPP,5788.591
2011,JUL,VSPP,146.567141
2011,JUN,EGAT,6041.183
2011,JUN,IMPORTED,1072.215
2011,JUN,DEDP,1.077
2011,JUN,SPP,1212.035
2011,JUN,IPP,5914.475
2011,JUN,VSPP,161.52364
2011,MAR,EGAT,6341.263999999999
2011,MAR,IMPORTED,789.541
2011,MAR,DEDP,3.454
2011,MAR,SPP,1333.722
2011,MAR,IPP,5391.255
2011,MAR,VSPP,173.024251
2011,MAY,EGAT,6413.757
2011,MAY,IMPORTED,1075.411
2011,MAY,DEDP,1.154
2011,MAY,SPP,1291.477
2011,MAY,IPP,5838.578
2011,MAY,VSPP,169.844341
2011,NOV,EGAT,5713.603999999999
2011,NOV,IMPORTED,909.586
2011,NOV,SPP,1227.588
2011,NOV,IPP,4600.85
2011,NOV,VSPP,120.127571
2011,OCT,EGAT,6144.462
2011,OCT,IMPORTED,1164.634
2011,OCT,DEDP,8.562
2011,OCT,SPP,1212.447
2011,OCT,IPP,4877.191
2011,OCT,VSPP,100.765257
2011,SEP,EGAT,6498.89
2011,SEP,IMPORTED,1120.573
2011,SEP,DEDP,8.562
2011,SEP,SPP,1193.472
2011,SEP,IPP,5287.863
2011,SEP,VSPP,98.235231
2012,APR,EGAT,6901.614000000001
2012,APR,IMPORTED,1135.509
2012,APR,SPP,1221.191
2012,APR,IPP,5457.063
2012,APR,VSPP,223.359015
2012,AUG,EGAT,6482.246999999999
2012,AUG,IMPORTED,1114.621
2012,AUG,SPP,1288.728
2012,AUG,IPP,6110.548
2012,AUG,VSPP,187.083088
2012,DEC,EGAT,6756.534000000001
2012,DEC,IMPORTED,412.887
2012,DEC,SPP,1471.256
2012,DEC,IPP,5606.227
2012,DEC,VSPP,264.069117
2012,FEB,EGAT,6679.259
2012,FEB,IMPORTED,799.212
2012,FEB,SPP,1098.637
2012,FEB,IPP,5301.268
2012,FEB,VSPP,206.096232
2012,JAN,EGAT,6520.503000000001
2012,JAN,IMPORTED,484.49
2012,JAN,SPP,1227.946
2012,JAN,IPP,5083.862
2012,JAN,VSPP,196.063054
2012,JUL,EGAT,6718.834000000001
2012,JUL,IMPORTED,946.702
2012,JUL,SPP,1193.245
2012,JUL,IPP,6279.117
2012,JUL,VSPP,203.631989
2012,JUN,EGAT,6774.150000000001
2012,JUN,IMPORTED,937.377
2012,JUN,SPP,1172.139
2012,JUN,IPP,6006.804
2012,JUN,VSPP,220.187454
2012,MAR,EGAT,7257.474
2012,MAR,IMPORTED,1163.708
2012,MAR,SPP,1274.388
2012,MAR,IPP,5875.32
2012,MAR,VSPP,228.232209
2012,MAY,EGAT,7227.120000000001
2012,MAY,IMPORTED,1076.041
2012,MAY,SPP,1257.953
2012,MAY,IPP,6191.667
2012,MAY,VSPP,226.849722
2012,NOV,EGAT,6991.49
2012,NOV,IMPORTED,519.156
2012,NOV,SPP,1313.715
2012,NOV,IPP,5998.703
2012,NOV,VSPP,199.102304
2012,OCT,EGAT,6533.259
2012,OCT,IMPORTED,797.106
2012,OCT,SPP,1339.178
2012,OCT,IPP,6465.892
2012,OCT,VSPP,188.203209
2012,SEP,EGAT,6325.972
2012,SEP,IMPORTED,1140.617
2012,SEP,SPP,1275.845
2012,SEP,IPP,5766.566
2012,SEP,VSPP,167.59149
2013,APR,EGAT,6496.109
2013,APR,IMPORTED,1140.099
2013,APR,SPP,1808.831
2013,APR,IPP,5549.362
2013,APR,VSPP,330.698546
2013,AUG,EGAT,5872.707
2013,AUG,IMPORTED,1515.479
2013,AUG,SPP,2079.817
2013,AUG,IPP,5692.567
2013,AUG,VSPP,314.154866
2013,DEC,EGAT,5754.138
2013,DEC,IMPORTED,321.704
2013,DEC,SPP,2183.177
2013,DEC,IPP,4467.514
2013,DEC,VSPP,403.287047
2013,FEB,EGAT,7040.797000000001
2013,FEB,IMPORTED,555.799
2013,FEB,SPP,1359.95
2013,FEB,IPP,5251.269
2013,FEB,VSPP,296.960508
2013,JAN,EGAT,6748.626
2013,JAN,IMPORTED,362.234
2013,JAN,SPP,1518.225
2013,JAN,IPP,5338.994
2013,JAN,VSPP,306.844662
2013,JUL,EGAT,6369.536000000001
2013,JUL,IMPORTED,1297.321
2013,JUL,SPP,2011.002
2013,JUL,IPP,5378.116
2013,JUL,VSPP,307.00184628
2013,JUN,EGAT,6851.460999999999
2013,JUN,IMPORTED,1268.211
2013,JUN,SPP,1855.106
2013,JUN,IPP,5100.912
2013,JUN,VSPP,310.167919
2013,MAR,EGAT,7081.709000000001
2013,MAR,IMPORTED,818.237
2013,MAR,SPP,1805.796
2013,MAR,IPP,6348.518
2013,MAR,VSPP,341.553411
2013,MAY,EGAT,7107.069
2013,MAY,IMPORTED,1310.006
2013,MAY,SPP,1921.752
2013,MAY,IPP,6064.333
2013,MAY,VSPP,344.692826
2013,NOV,EGAT,5597.263
2013,NOV,IMPORTED,1044.408
2013,NOV,SPP,2097.527
2013,NOV,IPP,5585.947
2013,NOV,VSPP,317.077704
2013,OCT,EGAT,5647.471
2013,OCT,IMPORTED,1341.599
2013,OCT,SPP,1987.109
2013,OCT,IPP,5790.115
2013,OCT,VSPP,274.112499
2013,SEP,EGAT,5568.485
2013,SEP,IMPORTED,1596.693
2013,SEP,SPP,1974.416
2013,SEP,IPP,5520.967
2013,SEP,VSPP,260.416493
2014,APR,EGAT,6767.206999999999
2014,APR,IMPORTED,1222.559
2014,APR,SPP,2203.266
2014,APR,IPP,5224.212
2014,APR,VSPP,448.030662
2014,AUG,EGAT,6062.9529999999995
2014,AUG,IMPORTED,1270.629
2014,AUG,SPP,2063.045
2014,AUG,IPP,6079.486
2014,AUG,VSPP,386.738721
2014,DEC,EGAT,5572.488
2014,DEC,IMPORTED,493.277
2014,DEC,SPP,2159.759
2014,DEC,IPP,5677.564
2014,DEC,VSPP,482.743266
2014,FEB,EGAT,6068.084999999999
2014,FEB,IMPORTED,845.46
2014,FEB,SPP,2011.766
2014,FEB,IPP,4309.77
2014,FEB,VSPP,387.38673
2014,JAN,EGAT,6263.407999999999
2014,JAN,IMPORTED,591.194
2014,JAN,SPP,2249.511
2014,JAN,IPP,3891.954
2014,JAN,VSPP,428.248444
2014,JUL,EGAT,6871.985
2014,JUL,IMPORTED,1177.907
2014,JUL,SPP,2183.272
2014,JUL,IPP,5512.883
2014,JUL,VSPP,422.304715
2014,JUN,EGAT,6811.026000000001
2014,JUN,IMPORTED,1085.918
2014,JUN,SPP,2212.353
2014,JUN,IPP,5675.655
2014,JUN,VSPP,414.604402
2014,MAR,EGAT,7318.204
2014,MAR,IMPORTED,1302.479
2014,MAR,SPP,2230.819
2014,MAR,IPP,5227.635
2014,MAR,VSPP,454.745261
2014,MAY,EGAT,7408.837
2014,MAY,IMPORTED,1203.938
2014,MAY,SPP,2316.775
2014,MAY,IPP,5825.422
2014,MAY,VSPP,468.652385
2014,NOV,EGAT,5949.383
2014,NOV,IMPORTED,717.108
2014,NOV,SPP,2143.576
2014,NOV,IPP,6097.535
2014,NOV,VSPP,415.155606
2014,OCT,EGAT,6123.0920000000015
2014,OCT,IMPORTED,1017.368
2014,OCT,SPP,2153.377
2014,OCT,IPP,6061.199
2014,OCT,VSPP,402.145328
2014,SEP,EGAT,5793.031999999999
2014,SEP,IMPORTED,1331.876
2014,SEP,SPP,2030.067
2014,SEP,IPP,6134.742
2014,SEP,VSPP,368.081871
2015,APR,EGAT,6532.163
2015,APR,IMPORTED,1464.628
2015,APR,SPP,2361.923
2015,APR,IPP,5081.27
2015,APR,VSPP,516.771094
2015,AUG,EGAT,5892.995
2015,AUG,IMPORTED,1373.86
2015,AUG,SPP,2454.595
2015,AUG,IPP,6180.59
2015,AUG,VSPP,444.265234
2015,DEC,EGAT,5913.901999999999
2015,DEC,IMPORTED,1146.8
2015,DEC,SPP,2251.759
2015,DEC,IPP,5680.753
2015,DEC,VSPP,498.656062
2015,FEB,EGAT,5023.111000000001
2015,FEB,IMPORTED,726.002
2015,FEB,SPP,2142.618
2015,FEB,IPP,5622.84
2015,FEB,VSPP,488.962103
2015,JAN,EGAT,5648.745999999999
2015,JAN,IMPORTED,355.394
2015,JAN,SPP,2272.633
2015,JAN,IPP,5308.854
2015,JAN,VSPP,512.619283
2015,JUL,EGAT,5963.059
2015,JUL,IMPORTED,758.72
2015,JUL,SPP,2453.065
2015,JUL,IPP,7077.28
2015,JUL,VSPP,469.896072
2015,JUN,EGAT,6604.125
2015,JUN,IMPORTED,1162.287
2015,JUN,SPP,2348.548
2015,JUN,IPP,6223.867
2015,JUN,VSPP,497.637202
2015,MAR,EGAT,6589.8949999999995
2015,MAR,IMPORTED,1106.605
2015,MAR,SPP,2529.358
2015,MAR,IPP,6121.002
2015,MAR,VSPP,499.864455
2015,MAY,EGAT,7126.8200000000015
2015,MAY,IMPORTED,1621.936
2015,MAY,SPP,2547.3
2015,MAY,IPP,5912.379
2015,MAY,VSPP,502.719123
2015,NOV,EGAT,5958.674999999999
2015,NOV,IMPORTED,1395.43
2015,NOV,SPP,2226.816
2015,NOV,IPP,6009.641
2015,NOV,VSPP,429.784143
2015,OCT,EGAT,6066.619
2015,OCT,IMPORTED,1668.695
2015,OCT,SPP,2288.759
2015,OCT,IPP,5753.195
2015,OCT,VSPP,436.583156
2015,SEP,EGAT,5769.996
2015,SEP,IMPORTED,1634.129
2015,SEP,SPP,2342.051
2015,SEP,IPP,5827.869
2015,SEP,VSPP,425.09934
2016,APR,EGAT,6269.178000000001
2016,APR,IMPORTED,1394.444
2016,APR,SPP,2716.68
2016,APR,IPP,6516.106
2016,APR,VSPP,634.396279
2016,AUG,EGAT,5925.561
2016,AUG,IMPORTED,2251.957
2016,AUG,SPP,2917.034
2016,AUG,IPP,5568.482
2016,AUG,VSPP,613.640178
2016,DEC,EGAT,5877.096
2016,DEC,IMPORTED,1241.117
2016,DEC,SPP,2969.712
2016,DEC,IPP,4618.16
2016,DEC,VSPP,706.290485
2016,FEB,EGAT,5363.39
2016,FEB,IMPORTED,1096.506
2016,FEB,SPP,2421.61
2016,FEB,IPP,5153.291
2016,FEB,VSPP,619.039938
2016,JAN,EGAT,5857.619000000001
2016,JAN,IMPORTED,1147.661
2016,JAN,SPP,2494.118
2016,JAN,IPP,5278.507
2016,JAN,VSPP,578.492652
2016,JUL,EGAT,5665.215
2016,JUL,IMPORTED,2098.942
2016,JUL,SPP,2960.988
2016,JUL,IPP,5414.13
2016,JUL,VSPP,605.201589
2016,JUN,EGAT,5911.621
2016,JUN,IMPORTED,1701.863
2016,JUN,SPP,2820.411
2016,JUN,IPP,5696.07
2016,JUN,VSPP,611.923064
2016,MAR,EGAT,6665.494
2016,MAR,IMPORTED,1339.11
2016,MAR,SPP,2752.05
2016,MAR,IPP,6256.986
2016,MAR,VSPP,685.905862
2016,MAY,EGAT,6499.233
2016,MAY,IMPORTED,1910.5
2016,MAY,SPP,2795.639
2016,MAY,IPP,6695.549
2016,MAY,VSPP,642.589422
2016,NOV,EGAT,5413.982
2016,NOV,IMPORTED,2146.719
2016,NOV,SPP,2824.687
2016,NOV,IPP,5331.844
2016,NOV,VSPP,623.658275
2016,OCT,EGAT,5771.56
2016,OCT,IMPORTED,1943.287
2016,OCT,SPP,2805.051
2016,OCT,IPP,5657.289
2016,OCT,VSPP,639.587597
2016,SEP,EGAT,5822.767
2016,SEP,IMPORTED,1553.249
2016,SEP,SPP,2859.481
2016,SEP,IPP,5707.327
2016,SEP,VSPP,593.875885
2017,APR,EGAT,5887.787
2017,APR,IMPORTED,2223.182
2017,APR,SPP,3065.84
2017,APR,IPP,4899.534
2017,APR,VSPP,805.053469
2017,AUG,EGAT,5258.155
2017,AUG,IMPORTED,2198.499
2017,AUG,SPP,3452.197
2017,AUG,IPP,6042.617
2017,AUG,VSPP,748.536358
2017,DEC,EGAT,4817.654999999999
2017,DEC,IMPORTED,1810.221
2017,DEC,SPP,3845.972
2017,DEC,IPP,4045.633
2017,DEC,VSPP,881.745599
2017,FEB,EGAT,5067.179999999999
2017,FEB,IMPORTED,1445.836
2017,FEB,SPP,2798.034
2017,FEB,IPP,4830.91
2017,FEB,VSPP,773.271539
2017,JAN,EGAT,5638.178000000001
2017,JAN,IMPORTED,1162.701
2017,JAN,SPP,3081.049
2017,JAN,IPP,4863.746
2017,JAN,VSPP,763.59917
2017,JUL,EGAT,5123.691
2017,JUL,IMPORTED,2415.044
2017,JUL,SPP,3344.349
2017,JUL,IPP,5402.654
2017,JUL,VSPP,744.240647
2017,JUN,EGAT,5359.876
2017,JUN,IMPORTED,2231.133
2017,JUN,SPP,3222.649
2017,JUN,IPP,5676.202
2017,JUN,VSPP,740.705248
2017,MAR,EGAT,6038.670999999999
2017,MAR,IMPORTED,2128.955
2017,MAR,SPP,3306.247
2017,MAR,IPP,5723.897
2017,MAR,VSPP,835.279288
2017,MAY,EGAT,5656.4259999999995
2017,MAY,IMPORTED,2174.086
2017,MAY,SPP,3283.167
2017,MAY,IPP,6039.927
2017,MAY,VSPP,777.53232
2017,NOV,EGAT,4610.665999999999
2017,NOV,IMPORTED,2048.442
2017,NOV,SPP,3634.193
2017,NOV,IPP,5265.856
2017,NOV,VSPP,712.355748
2017,OCT,EGAT,4979.473
2017,OCT,IMPORTED,2079.954
2017,OCT,SPP,3549.111
2017,OCT,IPP,5491.178
2017,OCT,VSPP,743.296755
2017,SEP,EGAT,5402.740000000001
2017,SEP,IMPORTED,2509.371
2017,SEP,SPP,3409.211
2017,SEP,IPP,5353.752
2017,SEP,VSPP,744.067825
2018,APR,EGAT,5259.258
2018,APR,IMPORTED,2055.592
2018,APR,SPP,3959.647
2018,APR,IPP,4557.278
2018,APR,VSPP,877.569552
2018,AUG,EGAT,5205.851
2018,AUG,IMPORTED,2535.925
2018,AUG,SPP,4174.994
2018,AUG,IPP,4787.492
2018,AUG,VSPP,819.251759
2018,DEC,EGAT,5454.722
2018,DEC,IMPORTED,1941.9
2018,DEC,SPP,4285.929
2018,DEC,IPP,3814.801
2018,DEC,VSPP,849.154131
2018,FEB,EGAT,4505.992
2018,FEB,IMPORTED,1734.961
2018,FEB,SPP,3572.549
2018,FEB,IPP,4385.647
2018,FEB,VSPP,856.218847
2018,JAN,EGAT,4869.361
2018,JAN,IMPORTED,1862.926
2018,JAN,SPP,3865.517
2018,JAN,IPP,4501.81
2018,JAN,VSPP,907.618452
2018,JUL,EGAT,5633.648999999999
2018,JUL,IMPORTED,2220.686
2018,JUL,SPP,4261.912
2018,JUL,IPP,4510.21
2018,JUL,VSPP,817.31431
2018,JUN,EGAT,5731.134999999999
2018,JUN,IMPORTED,2149.223
2018,JUN,SPP,4063.525
2018,JUN,IPP,4733.983
2018,JUN,VSPP,841.705018
2018,MAR,EGAT,5492.817
2018,MAR,IMPORTED,2228.097
2018,MAR,SPP,4195.153
2018,MAR,IPP,5283.706
2018,MAR,VSPP,947.664978
2018,MAY,EGAT,5785.136
2018,MAY,IMPORTED,2259.2
2018,MAY,SPP,4091.656
2018,MAY,IPP,4944.777
2018,MAY,VSPP,901.824218
2018,NOV,EGAT,5636.926
2018,NOV,IMPORTED,2201.469
2018,NOV,SPP,4123.128
2018,NOV,IPP,4096.692
2018,NOV,VSPP,853.548087
2018,OCT,EGAT,5637.477
2018,OCT,IMPORTED,2677.597
2018,OCT,SPP,4040.439
2018,OCT,IPP,4376.311
2018,OCT,VSPP,849.280909
2018,SEP,EGAT,5113.807
2018,SEP,IMPORTED,2801.865
2018,SEP,SPP,4049.222
2018,SEP,IPP,4292.701
2018,SEP,VSPP,819.775428
