DS,NG CONS EGAT,NG CONS GSP,NG CONS IPP,NG CONS Industry,NG CONS NGV,NG CONS SPP,NG PRD Domestic,NG PRD Import,POWGEN DEDP,POWGEN EGAT,POWGEN IPP,POWGEN Import,POWGEN SPP,POWGEN VSPP
1986-04-30,237.0,79.0,0.0,16.0,0.0,0.0,352.0,0.0,0.0,2121.74,0.0,33.79,0.0,0.0
1986-08-31,227.0,65.0,0.0,6.0,0.0,0.0,322.0,0.0,0.0,2107.640000000001,0.0,91.24,0.0,0.0
1986-12-31,271.0,77.0,0.0,7.0,0.0,0.0,379.0,0.0,0.0,2050.54,0.0,43.0,0.0,0.0
1986-02-28,235.0,74.0,0.0,12.0,0.0,0.0,350.0,0.0,0.0,1761.38,0.0,52.14,0.0,0.0
1986-01-31,251.0,75.0,0.0,13.0,0.0,0.0,370.0,0.0,0.0,1841.52,0.0,57.0,0.0,0.0
1986-07-31,232.0,65.0,0.0,6.0,0.0,0.0,331.0,0.0,0.0,2086.4300000000007,0.0,92.74,0.0,0.0
1986-06-30,248.0,61.0,0.0,13.0,0.0,0.0,343.0,0.0,0.0,2118.91,0.0,65.32,0.0,0.0
1986-03-31,255.0,82.0,0.0,19.0,0.0,0.0,373.0,0.0,0.0,2093.57,0.0,41.86,0.0,0.0
1986-05-31,254.0,76.0,0.0,11.0,0.0,0.0,362.0,0.0,0.0,2105.07,0.0,47.28,0.0,0.0
1986-11-30,269.0,60.0,0.0,6.0,0.0,0.0,357.0,0.0,0.0,2089.13,0.0,61.92,0.0,0.0
1986-10-31,252.0,75.0,0.0,4.0,0.0,0.0,354.0,0.0,0.0,2201.67,0.0,75.31,0.0,0.0
1986-09-30,216.0,63.0,0.0,4.0,0.0,0.0,308.0,0.0,0.0,2092.21,0.0,96.78,0.0,0.0
1987-04-30,336.0,68.0,0.0,4.0,0.0,0.0,438.0,0.0,0.0,2414.9500000000007,0.0,34.66,0.0,0.0
1987-08-31,392.0,78.0,0.0,4.0,0.0,0.0,515.0,0.0,0.0,2519.51,0.0,24.92,0.0,0.0
1987-12-31,377.0,79.0,0.0,5.0,0.0,0.0,505.0,0.0,0.96,2223.7700000000004,0.0,64.95,0.0,0.0
1987-02-28,317.0,80.0,0.0,4.0,0.0,0.0,429.0,0.0,0.0,2056.93,0.0,33.13,0.0,0.0
1987-01-31,283.0,80.0,0.0,6.0,0.0,0.0,398.0,0.0,0.0,2086.48,0.0,39.23,0.0,0.0
1987-07-31,402.0,78.0,0.0,4.0,0.0,0.0,523.0,0.0,0.0,2528.32,0.0,17.9,0.0,0.0
1987-06-30,434.0,77.0,0.0,4.0,0.0,0.0,557.0,0.0,0.0,2434.57,0.0,31.82,0.0,0.0
1987-03-31,331.0,79.0,0.0,5.0,0.0,0.0,443.0,0.0,0.0,2440.620000000001,0.0,31.59,0.0,0.0
1987-05-31,371.0,48.0,0.0,5.0,0.0,0.0,462.0,0.0,0.0,2498.87,0.0,29.97,0.0,0.0
1987-11-30,432.0,35.0,0.0,5.0,0.0,0.0,512.0,0.0,1.39,2419.25,0.0,50.73,0.0,0.0
1987-10-31,431.0,46.0,0.0,5.0,0.0,0.0,525.0,0.0,2.57,2505.54,0.0,48.21,0.0,0.0
1987-09-30,441.0,79.0,0.0,3.0,0.0,0.0,565.0,0.0,0.0,2439.88,0.0,8.34,0.0,0.0
1988-04-30,435.0,74.0,0.0,7.0,0.0,0.0,554.0,0.0,0.54,2747.52,0.0,28.99,0.0,0.0
1988-08-31,471.0,69.0,0.0,6.0,0.0,0.0,594.0,0.0,8.95,2813.2000000000007,0.0,44.71,0.0,0.0
1988-12-31,447.0,81.0,0.0,9.0,0.0,0.0,583.0,0.0,1.47,2631.370000000001,0.0,33.55,0.0,0.0
1988-02-29,446.0,77.0,0.0,6.0,0.0,0.0,575.0,0.0,1.24,2426.84,0.0,43.73,0.0,0.0
1988-01-31,425.0,77.0,0.0,4.0,0.0,0.0,549.0,0.0,1.55,2429.04,0.0,43.13,0.0,0.0
1988-07-31,447.0,78.0,0.0,7.0,0.0,0.0,580.0,0.0,7.26,2768.09,0.0,31.19,0.0,0.0
1988-06-30,470.0,77.0,0.0,7.0,0.0,0.0,603.0,0.0,1.74,2726.34,0.0,32.51,0.0,0.0
1988-03-31,435.0,78.0,0.0,7.0,0.0,0.0,567.0,0.0,0.54,2865.9500000000007,0.0,29.84,0.0,0.0
1988-05-31,449.0,79.0,0.0,7.0,0.0,0.0,581.0,0.0,0.16,2756.47,0.0,26.89,0.0,0.0
1988-11-30,460.0,58.0,0.0,7.0,0.0,0.0,566.0,0.0,1.86,2598.06,0.0,39.05,0.0,0.0
1988-10-31,468.0,72.0,0.0,9.0,0.0,0.0,593.0,0.0,2.13,2815.2700000000004,0.0,40.68,0.0,0.0
1988-09-30,469.0,65.0,0.0,8.0,0.0,0.0,592.0,0.0,2.75,2804.9,0.0,35.51,0.0,0.0
1989-04-30,452.0,80.0,0.0,8.0,0.0,0.0,586.0,0.0,0.59,3173.42,0.0,28.85,0.0,0.0
1989-08-31,467.0,36.0,0.0,9.0,0.0,0.0,572.0,0.0,2.23,3227.71,0.0,66.61,0.0,0.0
1989-12-31,439.0,99.0,0.0,12.0,0.0,0.0,609.0,0.0,0.92,3039.34,0.0,81.51,0.0,0.0
1989-02-28,437.0,74.0,0.0,11.0,0.0,0.0,565.0,0.0,0.67,2642.53,0.0,25.21,0.0,0.0
1989-01-31,447.0,81.0,0.0,9.0,0.0,0.0,591.0,0.0,0.75,2893.2300000000005,0.0,27.07,0.0,0.0
1989-07-31,498.0,4.0,0.0,9.0,0.0,0.0,570.0,0.0,1.87,3184.59,0.0,56.55,0.0,0.0
1989-06-30,494.0,20.0,0.0,9.0,0.0,0.0,587.0,0.0,1.47,3136.1,0.0,38.09,0.0,0.0
1989-03-31,441.0,79.0,0.0,11.0,0.0,0.0,584.0,0.0,0.63,3175.61,0.0,27.94,0.0,0.0
1989-05-31,477.0,23.0,0.0,8.0,0.0,0.0,564.0,0.0,0.88,3274.24,0.0,28.44,0.0,0.0
1989-11-30,429.0,85.0,0.0,11.0,0.0,0.0,584.0,0.0,1.42,3153.99,0.0,84.79,0.0,0.0
1989-10-31,485.0,25.0,0.0,9.0,0.0,0.0,578.0,0.0,3.34,3265.9700000000007,0.0,80.99,0.0,0.0
1989-09-30,489.0,0.0,0.0,9.0,0.0,0.0,559.0,0.0,2.34,3364.340000000002,0.0,66.05,0.0,0.0
1990-04-30,445.0,89.0,0.0,14.0,0.0,0.0,613.0,0.0,1.39,3668.691,0.0,39.76,0.0,0.0
1990-08-31,445.0,102.0,0.0,17.0,0.0,0.0,630.0,0.0,3.81,3851.6209999999996,0.0,64.41,0.0,0.0
1990-12-31,468.0,113.0,0.0,32.0,0.0,0.0,692.0,0.0,0.77,3594.2709999999997,0.0,60.21,0.0,0.0
1990-02-28,440.0,88.0,0.0,14.0,0.0,0.0,616.0,0.0,0.843,3271.4320000000002,0.0,51.83,0.0,0.0
1990-01-31,434.0,85.0,0.0,14.0,0.0,0.0,596.0,0.0,0.95,3341.6209999999996,0.0,67.57,0.0,0.0
1990-07-31,436.0,99.0,0.0,15.0,0.0,0.0,616.0,0.0,3.79,3747.001,0.0,56.34,0.0,0.0
1990-06-30,443.0,95.0,0.0,16.0,0.0,0.0,629.0,0.0,3.08,3771.9110000000014,0.0,48.59,0.0,0.0
1990-03-31,448.0,86.0,0.0,14.0,0.0,0.0,616.0,0.0,1.27,3755.4309999999996,0.0,48.2,0.0,0.0
1990-05-31,459.0,71.0,0.0,15.0,0.0,0.0,610.0,0.0,2.36,3842.371000000001,0.0,32.66,0.0,0.0
1990-11-30,493.0,114.0,0.0,20.0,0.0,0.0,644.0,0.0,1.29,3705.591,0.0,56.41,0.0,0.0
1990-10-31,449.0,117.0,0.0,19.0,0.0,0.0,657.0,0.0,1.63,3802.162,0.0,65.95,0.0,0.0
1990-09-30,469.0,105.0,0.0,19.0,0.0,0.0,652.0,0.0,2.8,3736.423,0.0,60.39,0.0,0.0
1991-04-30,597.0,80.0,0.0,20.0,0.0,0.0,781.0,0.0,3.46,4094.511,0.0,55.24,0.0,0.0
1991-08-31,597.0,120.0,0.0,24.0,0.0,0.0,814.0,0.0,0.98,4275.792,0.0,85.75,0.0,0.0
1991-12-31,521.0,123.0,0.0,27.0,0.0,0.0,741.0,0.0,1.95,4140.752,0.0,25.0,0.0,0.0
1991-02-28,535.0,114.0,0.0,30.0,0.0,0.0,796.0,0.0,1.05,3496.2909999999997,0.0,42.69,0.0,0.0
1991-01-31,508.0,114.0,0.0,34.0,0.0,0.0,734.0,0.0,0.79,3922.171,0.0,40.98,0.0,0.0
1991-07-31,599.0,108.0,0.0,22.0,0.0,0.0,806.0,0.0,1.1,4351.882000000001,0.0,69.66,0.0,0.0
1991-06-30,651.0,18.0,0.0,21.0,0.0,0.0,756.0,0.0,2.92,4228.771000000002,0.0,40.22,0.0,0.0
1991-03-31,614.0,99.0,0.0,21.0,0.0,0.0,818.0,0.0,1.4,4347.602,0.0,41.99,0.0,0.0
1991-05-31,634.0,61.0,0.0,19.0,0.0,0.0,795.0,0.0,1.89,4431.011,0.0,35.24,0.0,0.0
1991-11-30,560.0,116.0,0.0,25.0,0.0,0.0,778.0,0.0,3.01,4124.642000000002,0.0,49.49,0.0,0.0
1991-10-31,553.0,116.0,0.0,24.0,0.0,0.0,779.0,0.0,6.74,4374.840999999999,0.0,50.27,0.0,0.0
1991-09-30,585.0,111.0,0.0,24.0,0.0,0.0,795.0,0.0,3.36,4303.471,0.0,56.58,0.0,0.0
1992-04-30,591.0,114.0,0.0,31.0,0.0,0.0,795.0,0.0,1.973,4860.844,0.0,29.11,0.0,0.0
1992-08-31,655.0,118.0,0.0,34.0,0.0,0.0,874.0,0.0,0.59,4901.993,0.0,75.4,0.0,0.0
1992-12-31,667.0,126.0,0.0,37.0,0.0,0.0,912.0,0.0,1.52,4703.212,0.0,19.73,0.0,0.0
1992-02-29,542.0,101.0,0.0,31.0,0.0,0.0,750.0,0.0,1.78,4162.0,0.0,35.23,0.0,0.0
1992-01-31,525.0,117.0,0.0,26.0,0.0,0.0,740.0,0.0,1.59,4206.190000000001,0.0,23.44,0.0,0.0
1992-07-31,617.0,118.0,0.0,34.0,0.0,0.0,836.0,0.0,0.5,4936.922000000001,0.0,69.72,0.0,0.0
1992-06-30,608.0,115.0,0.0,36.0,0.0,0.0,839.0,0.0,0.38,4856.64,0.0,46.55,0.0,0.0
1992-03-31,536.0,103.0,0.0,33.0,0.0,0.0,740.0,0.0,1.76,4905.853000000001,0.0,21.034000000000002,0.0,0.0
1992-05-31,617.0,94.0,0.0,33.0,0.0,0.0,816.0,0.0,1.57,5066.5520000000015,0.0,34.38,0.0,0.0
1992-11-30,659.0,126.0,0.0,38.0,0.0,0.0,905.0,0.0,2.19,4618.516000000001,0.0,27.64,0.0,0.0
1992-10-31,642.0,107.0,0.0,37.0,0.0,0.0,863.0,0.0,3.62,4856.032,0.0,47.083999999999996,0.0,0.0
1992-09-30,682.0,122.0,0.0,34.0,0.0,0.0,908.0,0.0,2.24,4933.683999999998,0.0,50.58,0.0,0.0
1993-04-30,709.0,122.0,0.0,38.0,0.0,0.0,941.0,0.0,1.669,5200.960999999999,0.0,24.685,0.0,0.0
1993-08-31,642.0,142.0,0.0,43.0,0.0,0.0,875.0,0.0,2.66,5329.377,0.0,116.289,0.0,0.0
1993-12-31,682.0,134.0,0.0,42.0,0.0,0.0,946.0,0.0,1.27,5074.544,0.0,49.06,0.0,0.0
1993-02-28,722.0,121.0,0.0,39.0,0.0,0.0,978.0,0.0,1.446,4610.478,0.0,15.832,0.0,0.0
1993-01-31,657.0,126.0,0.0,37.0,0.0,0.0,902.0,0.0,1.621,4696.914000000002,0.0,22.758000000000003,0.0,0.0
1993-07-31,690.0,125.0,0.0,42.0,0.0,0.0,944.0,0.0,1.99,5682.4490000000005,0.0,77.836,0.0,0.0
1993-06-30,717.0,127.0,0.0,44.0,0.0,0.0,956.0,0.0,1.795,5463.168000000001,0.0,45.453,0.0,0.0
1993-03-31,712.0,110.0,0.0,39.0,0.0,0.0,945.0,0.0,1.6219999999999999,5465.724,0.0,20.703000000000003,0.0,0.0
1993-05-31,706.0,128.0,0.0,41.0,0.0,0.0,956.0,0.0,2.102,5619.727000000001,0.0,31.914,0.0,0.0
1993-11-30,686.0,134.0,0.0,51.0,0.0,0.0,947.0,0.0,2.9339999999999997,5328.389000000001,0.0,37.278,0.0,0.0
1993-10-31,696.0,129.0,0.0,40.0,0.0,0.0,938.0,0.0,4.725,5500.821999999999,0.0,82.616,0.0,0.0
1993-09-30,705.0,133.0,0.0,35.0,0.0,0.0,946.0,0.0,4.422,5336.52,0.0,120.09200000000001,0.0,0.0
1994-04-30,750.0,116.0,0.0,44.0,0.0,0.0,988.0,0.0,2.174,5894.1230000000005,0.0,42.141000000000005,1.484,0.0
1994-08-31,820.0,132.0,0.0,58.0,0.0,0.0,1096.0,0.0,7.172999999999999,6048.826,0.0,116.486,0.0,0.0
1994-12-31,814.0,129.0,0.0,65.0,0.0,0.0,1103.0,0.0,0.742,5469.4670000000015,564.627,60.388000000000005,7.785,0.0
1994-02-28,737.0,128.0,0.0,47.0,0.0,0.0,976.0,0.0,1.643,5242.516,0.0,42.803999999999995,0.252,0.0
1994-01-31,692.0,130.0,0.0,41.0,0.0,0.0,947.0,0.0,1.6980000000000002,5413.276,0.0,47.306999999999995,0.061,0.0
1994-07-31,815.0,131.0,0.0,52.0,0.0,0.0,1085.0,0.0,3.147,5995.103,0.0,103.992,0.04,0.0
1994-06-30,791.0,107.0,0.0,55.0,0.0,0.0,1035.0,0.0,1.806,6002.001000000001,0.0,60.647,0.10800000000000001,0.0
1994-03-31,793.0,32.0,0.0,50.0,0.0,0.0,948.0,0.0,1.886,6052.678999999999,0.0,47.606,1.247,0.0
1994-05-31,734.0,118.0,0.0,51.0,0.0,0.0,985.0,0.0,1.9269999999999998,6205.736999999999,0.0,50.381,1.078,0.0
1994-11-30,828.0,130.0,0.0,71.0,0.0,0.0,1109.0,0.0,1.069,6058.627,0.0,64.505,0.612,0.0
1994-10-31,819.0,127.0,0.0,53.0,0.0,0.0,1087.0,0.0,4.489,6057.414000000001,0.0,113.87,0.158,0.0
1994-09-30,805.0,131.0,0.0,59.0,0.0,0.0,1089.0,0.0,8.762,6048.221000000001,0.0,120.68799999999999,0.47600000000000003,0.0
1995-04-30,778.0,122.0,0.0,61.0,0.0,0.0,1074.0,0.0,1.7819999999999998,5950.0920000000015,697.847,38.78,16.564,0.0
1995-08-31,849.0,95.0,0.0,65.0,0.0,0.0,1113.0,0.0,3.073,6166.344,736.717,93.07,16.255,0.0
1995-12-31,774.0,123.0,0.0,86.0,0.0,0.0,1120.0,0.0,0.589,5576.503000000001,687.959,55.126999999999995,52.854,0.0
1995-02-28,805.0,127.0,0.0,67.0,0.0,0.0,1117.0,0.0,0.863,5044.941,649.606,46.852,16.708,0.0
1995-01-31,800.0,129.0,0.0,68.0,0.0,0.0,1098.0,0.0,0.642,5256.183000000001,702.3430000000001,44.81,10.007,0.0
1995-07-31,819.0,88.0,0.0,63.0,0.0,0.0,1086.0,0.0,3.4210000000000003,6149.996,753.179,54.341,7.166,0.0
1995-06-30,781.0,112.0,0.0,68.0,0.0,0.0,1063.0,0.0,3.069,6277.339999999998,684.255,41.035,8.606,0.0
1995-03-31,813.0,125.0,0.0,70.0,0.0,0.0,1122.0,0.0,1.4580000000000002,6314.819,734.505,40.29,16.97,0.0
1995-05-31,774.0,121.0,0.0,71.0,0.0,0.0,1077.0,0.0,1.8519999999999999,6421.980000000001,654.455,39.004,7.371,0.0
1995-11-30,799.0,123.0,0.0,94.0,0.0,0.0,1115.0,0.0,0.57,5860.138999999999,700.362,57.684,41.766999999999996,0.0
1995-10-31,809.0,113.0,0.0,82.0,0.0,0.0,1122.0,0.0,2.3040000000000003,6078.1709999999985,717.669,83.29799999999999,45.653999999999996,0.0
1995-09-30,812.0,96.0,0.0,79.0,0.0,0.0,1081.0,0.0,6.381,6000.298000000002,633.847,104.83,21.730999999999998,0.0
1996-04-30,816.0,122.0,0.0,78.0,0.0,50.0,1188.0,0.0,1.8430000000000002,6434.959999999999,748.118,33.806999999999995,83.963,0.0
1996-08-31,881.0,121.0,0.0,77.0,0.0,60.0,1249.0,0.0,5.848,6428.43,1075.851,99.189,105.43700000000001,0.0
1996-12-31,984.0,132.0,0.0,74.0,0.0,89.0,1403.0,0.0,0.9390000000000001,5620.154,974.2239999999999,85.641,154.77700000000002,0.0
1996-02-29,743.0,128.0,0.0,76.0,0.0,42.0,1091.0,0.0,1.804,5633.290999999998,681.743,43.773999999999994,68.559,0.0
1996-01-31,762.0,130.0,0.0,63.0,0.0,43.0,1106.0,0.0,0.621,5927.781,670.057,40.475,74.847,0.0
1996-07-31,920.0,131.0,0.0,80.0,0.0,57.0,1295.0,0.0,1.9169999999999998,6312.934999999999,1171.038,64.617,100.137,0.0
1996-06-30,897.0,126.0,0.0,90.0,0.0,54.0,1250.0,0.0,2.105,6462.625000000001,811.812,54.63,91.73299999999999,0.0
1996-03-31,772.0,65.0,0.0,62.0,0.0,43.0,1094.0,0.0,1.989,6779.135,759.3389999999999,35.376999999999995,75.10300000000001,0.0
1996-05-31,868.0,121.0,0.0,95.0,0.0,52.0,1264.0,0.0,1.868,6828.194,726.5369999999999,38.915,90.13,0.0
1996-11-30,1038.0,133.0,0.0,82.0,0.0,85.0,1469.0,0.0,0.753,6147.598000000001,955.26,81.433,143.358,0.0
1996-10-31,1036.0,131.0,0.0,74.0,0.0,80.0,1453.0,0.0,2.3930000000000002,6289.536,1125.421,113.679,139.44899999999998,0.0
1996-09-30,932.0,130.0,0.0,85.0,0.0,62.0,1327.0,0.0,4.091,6137.161999999998,1031.3339999999998,114.069,105.43299999999999,0.0
1997-04-30,1070.0,123.0,0.0,90.0,0.0,82.0,1448.0,0.0,1.9069999999999998,6312.161999999998,1124.5819999999999,43.659,174.89700000000002,0.0
1997-08-31,1149.0,169.0,0.0,100.0,0.0,77.0,1627.0,0.0,8.156,6469.097,1293.993,99.792,169.49200000000002,0.0
1997-12-31,1139.0,158.0,0.0,97.0,0.0,102.0,1604.0,0.0,0.629,5858.398,1193.129,51.865,223.44400000000002,0.0
1997-02-28,1075.0,146.0,0.0,106.0,0.0,73.0,1507.0,0.0,1.1079999999999999,5781.334000000002,1018.5210000000001,40.476,146.006,0.0
1997-01-31,1027.0,134.0,0.0,98.0,0.0,75.0,1485.0,0.0,1.245,5795.009999999998,1132.288,45.756,165.085,0.0
1997-07-31,1157.0,155.0,0.0,98.0,0.0,76.0,1618.0,0.0,1.714,6703.785,1244.427,69.28,168.217,0.0
1997-06-30,1168.0,167.0,0.0,97.0,0.0,80.0,1636.0,0.0,1.34,6930.075000000002,1179.848,42.257,170.31099999999998,0.0
1997-03-31,1072.0,151.0,0.0,91.0,0.0,76.0,1521.0,0.0,1.682,6857.684,1235.992,32.406,168.06400000000002,0.0
1997-05-31,1145.0,78.0,0.0,80.0,0.0,84.0,1467.0,0.0,1.9380000000000002,7126.357999999998,1186.838,44.016000000000005,185.77200000000002,0.0
1997-11-30,1154.0,162.0,0.0,103.0,0.0,90.0,1627.0,0.0,0.6559999999999999,5873.219,1211.39,66.286,191.31400000000002,0.0
1997-10-31,1143.0,160.0,0.0,95.0,0.0,90.0,1630.0,0.0,2.32,6357.567000000001,1185.09,105.17200000000001,197.292,0.0
1997-09-30,1124.0,150.0,0.0,103.0,0.0,90.0,1594.0,0.0,4.49,6263.892,1148.518,104.663,191.00099999999998,0.0
1998-04-30,985.0,145.0,0.0,94.0,0.0,122.0,1503.0,0.0,1.4180000000000001,6340.649,1157.9589999999998,92.214,234.571,0.0
1998-08-31,1187.0,152.0,0.0,83.0,0.0,138.0,1763.0,10.0,2.258,6157.045000000001,1099.256,151.91,231.21599999999998,0.0
1998-12-31,1123.0,172.0,0.0,124.0,0.0,180.0,1706.0,3.0,0.743,5447.518999999998,942.2689999999999,140.71,310.682,0.0
1998-02-28,1156.0,157.0,0.0,93.0,0.0,117.0,1642.0,0.0,0.87,5789.829000000001,1104.667,102.902,223.01,0.0
1998-01-31,1097.0,163.0,0.0,80.0,0.0,104.0,1504.0,0.0,0.9670000000000001,5675.873000000001,1237.7169999999999,71.987,240.59799999999998,0.0
1998-07-31,1138.0,147.0,0.0,74.0,0.0,143.0,1739.0,0.0,1.544,6271.161,1099.905,197.53,243.05,0.0
1998-06-30,1147.0,156.0,0.0,94.0,0.0,143.0,1734.0,0.0,1.4069999999999998,6317.4569999999985,1122.347,181.123,229.21900000000002,0.0
1998-03-31,1195.0,155.0,0.0,86.0,0.0,99.0,1688.0,0.0,1.5219999999999998,6764.629000000001,1234.638,87.181,243.702,0.0
1998-05-31,1125.0,151.0,0.0,90.0,0.0,138.0,1730.0,0.0,1.329,6691.544999999999,1190.193,101.40299999999999,259.39599999999996,0.0
1998-11-30,1232.0,173.0,0.0,95.0,0.0,179.0,1819.0,8.0,0.626,5573.116000000001,1063.3110000000001,130.025,337.88199999999995,0.0
1998-10-31,1247.0,172.0,0.0,94.0,0.0,157.0,1814.0,4.0,0.7909999999999999,5935.298000000001,1152.2930000000001,174.33599999999998,327.98699999999997,0.0
1998-09-30,1190.0,159.0,0.0,95.0,0.0,154.0,1722.0,0.0,1.1320000000000001,5826.71,1131.172,191.391,310.533,0.0
1999-04-30,1144.0,168.0,0.0,96.0,0.0,246.0,1764.0,0.0,1.896,5615.339000000001,1232.232,76.946,780.39,0.0
1999-08-31,1132.0,174.0,0.0,133.0,0.0,299.0,1906.0,0.0,7.327999999999999,5808.471,1180.642,258.48,759.7539999999999,0.0
1999-12-31,1087.0,174.0,18.0,147.0,0.0,281.0,1861.0,1.0,1.188,4801.531999999998,1080.866,250.826,792.62,0.0
1999-02-28,1130.0,128.0,0.0,98.0,0.0,193.0,1671.0,6.0,1.0759999999999998,5160.2739999999985,1101.476,63.178000000000004,398.408,0.0
1999-01-31,1106.0,166.0,0.0,106.0,0.0,194.0,1713.0,0.0,0.818,5389.486000000001,1143.123,102.681,385.311,0.0
1999-07-31,1131.0,174.0,0.0,126.0,0.0,285.0,1829.0,0.0,5.501,5998.445,1203.768,241.722,654.96,0.0
1999-06-30,1178.0,178.0,0.0,130.0,0.0,294.0,1917.0,0.0,3.25,5695.25,1232.388,199.05700000000002,1015.65,0.0
1999-03-31,1215.0,123.0,0.0,113.0,0.0,228.0,1898.0,0.0,1.7630000000000001,6398.1399999999985,1279.603,61.91,501.31199999999995,0.0
1999-05-31,1127.0,176.0,0.0,101.0,0.0,286.0,1825.0,0.0,1.969,5661.098000000001,1281.536,177.146,905.681,0.0
1999-11-30,1215.0,180.0,4.0,141.0,0.0,289.0,2015.0,8.0,1.151,5543.861000000001,1198.663,262.92,670.0139999999999,0.0
1999-10-31,1205.0,180.0,7.0,142.0,0.0,300.0,2015.0,2.0,1.758,5734.424000000001,1189.5919999999999,283.139,725.1060000000001,0.0
1999-09-30,1168.0,181.0,0.0,143.0,0.0,305.0,1885.0,2.0,6.794,5761.755000000001,1135.6789999999999,277.656,763.948,0.0
2000-04-30,1098.0,177.0,16.0,156.0,0.0,283.0,1908.0,17.0,2.839,5822.8690000000015,1238.858,192.37099999999998,752.322,0.0
2000-08-31,1199.0,116.0,165.0,177.0,0.0,309.0,1925.0,179.0,2.5669999999999997,5631.9940000000015,1795.48,320.312,788.435,0.0
2000-12-31,1342.0,189.0,80.0,214.0,0.0,318.0,1765.0,428.0,2.572,4840.209999999999,1944.257,227.72299999999998,955.618,0.0
2000-02-29,1225.0,171.0,9.0,160.0,0.0,295.0,1974.0,50.0,2.195,5415.5700000000015,1134.585,137.86700000000002,702.995,0.0
2000-01-31,1179.0,178.0,36.0,132.0,0.0,284.0,1969.0,51.0,1.7630000000000001,5440.609,1284.688,176.639,803.34,0.0
2000-07-31,1294.0,178.0,93.0,186.0,0.0,289.0,1955.0,167.0,3.574,5797.021000000002,1525.35,301.01,825.171,0.0
2000-06-30,1320.0,179.0,60.0,180.0,0.0,301.0,2048.0,131.0,3.498,5875.466999999999,1411.576,267.332,863.2860000000001,0.0
2000-03-31,1209.0,173.0,7.0,140.0,0.0,303.0,2014.0,33.0,2.333,6371.783,1199.615,167.361,864.826,0.0
2000-05-31,1295.0,181.0,41.0,161.0,0.0,296.0,2047.0,101.0,3.932,6159.404,1392.575,294.31,899.835,0.0
2000-11-30,1262.0,193.0,81.0,264.0,0.0,337.0,1892.0,324.0,0.36200000000000004,4520.957,2088.638,246.174,963.563,0.0
2000-10-31,1273.0,192.0,129.0,205.0,0.0,337.0,1999.0,229.0,0.0,5663.240000000002,1617.915,298.645,915.462,0.0
2000-09-30,1230.0,175.0,132.0,199.0,0.0,308.0,1884.0,256.0,0.0,5568.042,1579.3870000000002,336.509,840.687,0.0
2001-04-30,1191.0,332.0,409.0,168.0,0.0,330.0,1966.0,578.0,4.035,5436.331999999999,2501.702,138.515,901.14,0.0
2001-08-31,1093.0,322.0,345.0,194.0,0.0,365.0,1894.0,547.0,4.111000000000001,5423.819,2304.051,316.532,1008.982,0.0
2001-12-31,843.0,355.0,395.0,159.0,0.0,364.0,1703.0,449.0,0.8079999999999999,4475.103,2400.956,213.273,1007.2610000000001,0.0
2001-02-28,1002.0,323.0,368.0,155.0,0.0,339.0,1808.0,477.0,2.115,4621.496,2258.1479999999997,158.355,886.965,0.0
2001-01-31,960.0,319.0,316.0,164.0,0.0,332.0,1741.0,465.0,2.349,4607.612000000001,2333.252,206.111,975.171,0.0
2001-07-31,1112.0,350.0,410.0,182.0,0.0,333.0,1996.0,509.0,2.263,5143.403,2636.478,318.688,912.5239999999999,0.0
2001-06-30,1239.0,341.0,302.0,178.0,0.0,341.0,2078.0,453.0,3.467,5464.189,2201.77,279.938,948.165,0.0
2001-03-31,1072.0,329.0,381.0,169.0,0.0,342.0,1943.0,480.0,2.9389999999999996,5236.892999999999,2477.888,171.13099999999997,1038.505,0.0
2001-05-31,1212.0,349.0,334.0,178.0,0.0,334.0,2065.0,463.0,3.597,5573.925,2432.035,205.79,874.706,0.0
2001-11-30,1026.0,348.0,284.0,193.0,0.0,368.0,1827.0,451.0,0.75,4883.46,1903.203,257.962,1026.938,0.0
2001-10-31,1054.0,370.0,374.0,201.0,0.0,374.0,1887.0,528.0,2.3569999999999998,5249.266000000001,2235.676,302.72900000000004,1056.529,0.0
2001-09-30,1028.0,341.0,398.0,179.0,0.0,369.0,1891.0,555.0,2.286,5238.178999999999,2272.9829999999997,312.69,1007.405,0.0
2002-04-30,1144.0,359.0,380.0,202.0,0.0,361.0,2040.0,498.0,2.807,5571.8859999999995,2628.297,163.458,1011.909,0.0
2002-08-31,1098.0,360.0,574.0,208.0,0.0,387.0,2117.0,640.0,3.529,5060.605000000001,3124.9770000000003,313.36,1097.063,0.0
2002-12-31,871.0,380.0,591.0,188.0,0.0,371.0,1813.0,647.0,0.775,4642.279,3232.5209999999997,223.118,1053.694,0.0
2002-02-28,1171.0,341.0,312.0,192.0,0.0,359.0,1916.0,573.0,2.0669999999999997,5183.4220000000005,1945.315,149.192,907.955,0.0
2002-01-31,957.0,306.0,370.0,187.0,0.0,359.0,1765.0,486.0,1.746,4824.3809999999985,2252.085,190.30200000000002,995.4989999999999,0.0
2002-07-31,1064.0,357.0,642.0,216.0,0.0,381.0,2095.0,696.0,3.529,4731.823,3629.0570000000002,301.329,1086.261,0.0
2002-06-30,1092.0,349.0,608.0,201.0,0.0,384.0,2070.0,693.0,2.602,4628.901000000002,3509.655,271.79400000000004,1071.202,0.0
2002-03-31,1300.0,359.0,299.0,161.0,0.0,374.0,2068.0,555.0,2.314,6223.583999999999,2228.5029999999997,146.5,1086.212,0.0
2002-05-31,1070.0,339.0,577.0,203.0,0.0,369.0,2046.0,664.0,2.9210000000000003,4954.962,3392.415,221.697,1082.675,0.0
2002-11-30,907.0,378.0,572.0,201.0,0.0,385.0,1830.0,687.0,0.7490000000000001,4847.597000000002,3028.723,241.297,1061.57,0.0
2002-10-31,1081.0,433.0,475.0,214.0,0.0,384.0,1991.0,655.0,3.515,5247.355,2935.43,300.716,1087.528,0.0
2002-09-30,1157.0,365.0,418.0,209.0,0.0,381.0,2077.0,604.0,5.153,5475.7159999999985,2562.249,289.41200000000003,1006.681,0.0
2003-04-30,1077.0,379.0,651.0,217.0,0.0,392.0,2062.0,759.0,2.822,5087.926,3643.328,114.73299999999999,1114.2930000000001,0.0
2003-08-31,999.0,368.0,730.0,203.0,0.0,404.0,2145.0,703.0,3.722,4483.380999999999,4385.403,259.51099999999997,1131.573,0.0
2003-12-31,873.0,401.0,582.0,233.0,0.0,395.0,2061.0,484.0,1.166,4566.428999999999,3481.381,181.648,1123.81,0.0
2003-02-28,914.0,397.0,609.0,212.0,0.0,388.0,1997.0,608.0,1.575,4632.862,2995.594,140.375,1049.509,0.0
2003-01-31,889.0,384.0,483.0,222.0,0.0,392.0,1856.0,621.0,1.155,4989.322000000001,2712.2140000000004,189.80200000000002,1085.384,0.0
2003-07-31,950.0,385.0,762.0,220.0,0.0,405.0,2152.0,739.0,2.355,4603.240000000002,4053.298,237.112,1156.407,0.0
2003-06-30,1046.0,382.0,657.0,219.0,0.0,391.0,2127.0,704.0,2.276,5091.49,3586.248,223.706,1107.808,0.0
2003-03-31,1030.0,380.0,661.0,203.0,0.0,410.0,2056.0,724.0,2.9160000000000004,5367.058000000001,3617.316,146.974,1080.848,0.0
2003-05-31,1129.0,349.0,639.0,200.0,0.0,393.0,2096.0,740.0,2.918,5524.6770000000015,3708.092,174.739,1129.647,0.0
2003-11-30,980.0,397.0,687.0,207.0,0.0,412.0,2088.0,663.0,1.127,4797.451,3883.664,221.68,1081.219,0.0
2003-10-31,1021.0,399.0,752.0,231.0,0.0,411.0,2138.0,759.0,3.5189999999999997,4638.721000000001,4215.179,298.834,1110.188,0.0
2003-09-30,984.0,398.0,730.0,239.0,0.0,417.0,2144.0,719.0,6.742999999999999,4487.182000000002,4051.051,284.298,1132.542,0.0
2004-04-30,984.0,397.0,729.0,236.0,2.0,408.0,2091.0,770.0,2.821,4917.913999999999,4445.045999999999,310.092,1100.758,0.0
2004-08-31,996.0,375.0,768.0,253.0,4.0,427.0,2192.0,762.0,3.147,4877.377999999999,4549.8240000000005,382.17800000000005,1110.44,0.0
2004-12-31,951.0,413.0,667.0,248.0,5.0,400.0,2088.0,728.0,0.797,4931.455999999999,3620.21,254.498,1105.594,0.0
2004-02-29,936.0,406.0,586.0,239.0,0.0,415.0,2016.0,569.0,1.6230000000000002,4754.957,3580.67,182.149,1066.629,0.0
2004-01-31,841.0,383.0,561.0,231.0,0.0,398.0,2060.0,459.0,1.3459999999999999,4711.681000000001,3602.204,151.658,1119.306,0.0
2004-07-31,997.0,364.0,781.0,241.0,3.0,429.0,2170.0,772.0,3.71,5131.627,4453.167,361.38699999999994,1157.758,0.0
2004-06-30,1021.0,367.0,731.0,253.0,3.0,425.0,2154.0,761.0,2.8310000000000004,5147.254999999999,4062.5409999999997,282.325,1153.474,0.0
2004-03-31,1011.0,384.0,752.0,246.0,0.0,410.0,2144.0,771.0,2.34,5425.69,4482.166,148.30100000000002,1143.143,0.0
2004-05-31,998.0,365.0,766.0,245.0,2.0,423.0,2155.0,758.0,2.32,5360.483000000001,4447.968,216.585,1149.34,0.0
2004-11-30,1066.0,399.0,762.0,271.0,6.0,422.0,2240.0,801.0,0.561,5272.023,4075.577,352.356,1052.443,0.0
2004-10-31,1068.0,412.0,798.0,255.0,5.0,431.0,2324.0,788.0,0.963,5042.142,4469.367,373.341,1172.7169999999999,0.0
2004-09-30,1058.0,401.0,769.0,261.0,5.0,422.0,2256.0,769.0,3.0410000000000004,4921.09,4384.123,362.98400000000004,1108.999,0.0
2005-04-30,946.0,438.0,831.0,234.0,6.0,401.0,2070.0,896.0,0.9620000000000001,5562.084000000002,4440.567,311.01599999999996,986.547,0.0
2005-08-31,1049.0,513.0,820.0,275.0,7.0,437.0,2395.0,871.0,2.502,5224.611000000001,4541.854,489.889,1211.619,0.0
2005-12-31,925.0,522.0,668.0,257.0,7.0,418.0,2240.0,717.0,0.97,5116.316,3641.2090000000003,400.92699999999996,1174.614,0.0
2005-02-28,993.0,468.0,878.0,249.0,6.0,417.0,2278.0,890.0,1.321,4871.4299999999985,4322.44,193.955,972.291,0.0
2005-01-31,916.0,484.0,769.0,270.0,6.0,401.0,2194.0,781.0,1.449,4653.142000000002,4227.956,234.06599999999997,1110.9489999999998,0.0
2005-07-31,1010.0,534.0,811.0,244.0,6.0,434.0,2376.0,854.0,0.58,5450.994000000001,4344.246,434.848,1188.947,0.0
2005-06-30,1021.0,523.0,843.0,248.0,6.0,447.0,2397.0,919.0,0.56,5605.404,4424.282,409.149,1197.836,0.0
2005-03-31,1064.0,485.0,817.0,258.0,7.0,430.0,2323.0,882.0,1.6780000000000002,6002.609,4415.1720000000005,304.439,1149.4189999999999,0.0
2005-05-31,1146.0,422.0,842.0,248.0,6.0,431.0,2303.0,910.0,0.865,6197.883000000002,4752.717000000001,282.501,1119.516,0.0
2005-11-30,1015.0,514.0,805.0,277.0,8.0,435.0,2327.0,858.0,1.069,5249.271000000002,4213.144,440.681,1119.6480000000001,0.0
2005-10-31,955.0,493.0,817.0,263.0,7.0,441.0,2236.0,874.0,2.022,5498.718000000002,4522.766,376.63599999999997,1145.72,0.0
2005-09-30,1094.0,495.0,730.0,273.0,7.0,449.0,2363.0,837.0,3.426,5457.185,4126.295,493.778,1169.505,0.0
2006-04-30,1016.0,515.0,786.0,262.0,8.0,406.0,2309.0,841.0,4.281000000000001,5751.928000000001,4426.532,409.014,1035.714,0.0
2006-08-31,945.0,545.0,923.0,301.0,13.0,426.0,2342.0,925.0,9.123,5391.866999999998,5121.1720000000005,511.42699999999996,1199.597,0.0
2006-12-31,922.0,549.0,751.0,303.0,13.0,415.0,2292.0,792.0,1.264,4929.009000000001,4644.463,390.292,1138.621,0.0
2006-02-28,949.0,573.0,819.0,275.0,8.0,404.0,2356.0,767.0,2.0580000000000003,5454.959999999999,3948.545,366.694,996.4860000000001,0.0
2006-01-31,851.0,514.0,785.0,274.0,9.0,413.0,2345.0,693.0,1.75,4912.287,4303.945,377.45599999999996,1161.361,0.0
2006-07-31,1052.0,508.0,844.0,285.0,10.0,417.0,2358.0,886.0,5.3870000000000005,5955.403,4664.169,496.19599999999997,1151.358,0.0
2006-06-30,1116.0,512.0,790.0,289.0,10.0,436.0,2378.0,940.0,3.088,6348.5700000000015,4317.264,437.64300000000003,1074.104,0.0
2006-03-31,1153.0,496.0,829.0,281.0,9.0,413.0,2396.0,930.0,3.0989999999999998,6524.468000000001,4566.684,449.858,1175.93,0.0
2006-05-31,1149.0,493.0,831.0,297.0,10.0,393.0,2346.0,943.0,3.3289999999999997,6410.571999999999,4620.755,294.487,1107.266,0.0
2006-11-30,1031.0,542.0,858.0,321.0,14.0,416.0,2406.0,932.0,0.8440000000000001,5225.968999999999,5120.96,478.716,1098.812,0.0
2006-10-31,1008.0,530.0,811.0,307.0,14.0,426.0,2345.0,867.0,6.275,5558.973000000003,4805.997,434.085,1203.288,0.0
2006-09-30,993.0,549.0,866.0,292.0,12.0,437.0,2364.0,913.0,4.292,5364.316999999999,4822.165,505.986,1188.414,0.0
2007-04-30,1137.0,490.0,756.0,334.0,19.0,423.0,2487.0,853.0,3.722,5842.803000000001,4890.089,365.275,1112.601,0.0
2007-08-31,1102.0,630.0,863.0,358.0,25.0,441.0,2614.0,895.0,1.153,5812.628000000001,5375.008000000001,335.659,1210.118,0.0
2007-12-31,897.0,627.0,835.0,350.0,36.0,428.0,2455.0,818.0,0.977,5278.045,4950.603,418.36800000000005,1218.905,0.0
2007-02-28,969.0,485.0,822.0,354.0,16.0,443.0,2401.0,874.0,1.714,4943.266000000001,4560.371,278.82,1119.125,0.0
2007-01-31,888.0,596.0,787.0,362.0,14.0,430.0,2369.0,824.0,1.9140000000000001,4810.133,4878.5109999999995,335.49699999999996,1233.289,0.0
2007-07-31,1069.0,558.0,895.0,325.0,22.0,450.0,2602.0,890.0,1.1520000000000001,5604.638000000001,5367.563,422.916,1180.703,0.0
2007-06-30,1188.0,535.0,862.0,333.0,21.0,472.0,2627.0,954.0,2.4130000000000003,5701.941999999999,5484.356,333.76099999999997,1245.1989999999998,0.0
2007-03-31,1232.0,492.0,818.0,327.0,18.0,450.0,2512.0,952.0,3.845,6229.13,5383.246999999999,386.005,1259.968,0.0
2007-05-31,1179.0,580.0,818.0,348.0,19.0,448.0,2633.0,946.0,2.492,5792.440000000001,5235.267,400.039,1232.323,0.0
2007-11-30,933.0,620.0,912.0,367.0,34.0,450.0,2454.0,938.0,0.7509999999999999,4992.885000000001,4959.748,435.945,1189.486,0.0
2007-10-31,982.0,628.0,917.0,371.0,30.0,451.0,2512.0,960.0,0.772,5169.47,5569.632,502.59,1236.8319999999999,0.0
2007-09-30,1064.0,609.0,880.0,338.0,27.0,450.0,2503.0,963.0,0.7959999999999999,5780.795000000001,5463.815,273.483,1200.901,0.0
2008-04-30,1044.0,587.0,839.0,376.0,57.0,432.0,2824.0,690.0,3.555,5798.380999999999,5370.338000000001,260.317,1159.368,0.0
2008-08-31,1118.0,602.0,1052.0,366.0,91.0,450.0,2969.0,886.0,3.127,5496.081000000001,6092.151999999999,271.387,1176.01,0.0
2008-12-31,978.0,531.0,638.0,315.0,108.0,398.0,2659.0,646.0,1.1640000000000001,5413.442000000001,3859.1079999999997,138.023,1127.009,0.0
2008-02-29,917.0,619.0,967.0,377.0,47.0,452.0,2545.0,927.0,2.148,4725.1399999999985,5477.564,170.173,1155.928,0.0
2008-01-31,905.0,585.0,878.0,365.0,41.0,446.0,2547.0,781.0,1.808,4893.154,5363.751,342.25300000000004,1280.14,0.0
2008-07-31,1088.0,593.0,1084.0,392.0,83.0,452.0,2944.0,868.0,3.1239999999999997,5465.699000000001,6169.549,275.81,1156.32,0.0
2008-06-30,1068.0,647.0,1085.0,357.0,72.0,437.0,2990.0,828.0,1.125,5319.039000000001,6179.8859999999995,227.364,1057.222,0.0
2008-03-31,914.0,594.0,1068.0,370.0,52.0,453.0,2610.0,972.0,3.745,5555.6010000000015,6344.419,152.47899999999998,1231.518,0.0
2008-05-31,1069.0,630.0,1079.0,374.0,63.0,444.0,3000.0,828.0,1.158,5674.133999999999,6042.775,167.29,1172.519,0.0
2008-11-30,995.0,400.0,874.0,317.0,108.0,421.0,2549.0,738.0,1.266,5137.776,4884.892,183.02700000000002,1140.683,0.0
2008-10-31,1055.0,593.0,1013.0,340.0,107.0,449.0,2836.0,855.0,2.855,5323.769,5911.316999999999,268.448,1211.22,0.0
2008-09-30,1019.0,611.0,1035.0,383.0,98.0,456.0,2857.0,913.0,3.695,5104.119000000001,5770.069,327.002,1168.496,0.0
2009-04-30,1149.0,597.0,810.0,363.0,126.0,404.0,2801.0,798.0,3.708,5950.459,4970.9,108.28399999999999,1131.859,0.0
2009-08-31,1056.0,587.0,1036.0,376.0,150.0,438.0,2935.0,944.0,1.87,5482.699000000001,6283.358,275.08299999999997,1114.68,0.0
2009-12-31,1137.0,592.0,804.0,397.0,167.0,428.0,3234.0,622.0,1.217,6019.012999999999,4732.419,277.762,1207.9560000000001,0.0
2009-02-28,1050.0,599.0,856.0,357.0,133.0,419.0,2754.0,752.0,2.074,4858.56,5098.891,106.098,1028.562,0.0
2009-01-31,913.0,568.0,529.0,341.0,117.0,412.0,2881.0,323.0,1.476,5040.169,4020.955,171.113,1175.627,0.0
2009-07-31,1054.0,622.0,992.0,372.0,143.0,415.0,2898.0,861.0,2.245,5493.836000000001,5907.058000000001,236.854,1163.263,0.0
2009-06-30,1092.0,625.0,1027.0,403.0,142.0,447.0,3024.0,928.0,1.49,5484.283,5793.6630000000005,182.692,1210.228,0.0
2009-03-31,1197.0,593.0,850.0,374.0,138.0,426.0,3039.0,667.0,3.846,6073.366,5444.003000000001,130.43200000000002,1247.767,0.0
2009-05-31,1193.0,618.0,883.0,373.0,133.0,435.0,3146.0,902.0,2.26,5959.045,5523.269,147.446,1149.9360000000001,0.0
2009-11-30,1163.0,607.0,949.0,432.0,159.0,442.0,3099.0,943.0,1.122,5608.314,5171.543,336.00699999999995,1155.703,0.0
2009-10-31,1109.0,574.0,1053.0,434.0,154.0,438.0,3017.0,974.0,1.689,5820.524,5854.993,273.762,1161.962,0.0
2009-09-30,1100.0,605.0,1073.0,420.0,151.0,444.0,3040.0,933.0,1.042,5355.145,6039.656999999999,205.877,1148.998,0.0
2010-04-30,1264.0,563.0,1027.0,450.0,165.0,444.0,3377.0,903.0,3.705,6115.736,5876.205,741.429,1170.348,124.324302
2010-08-31,1374.0,745.0,902.0,492.0,181.0,437.0,3563.0,849.0,3.03,6268.1359999999995,5549.607,768.5010000000001,1152.6019999999999,67.056404
2010-12-31,1331.0,767.0,847.0,498.0,210.0,434.0,3562.0,822.0,0.757,6475.8859999999995,4709.848,423.471,1228.464,116.65965800000001
2010-02-28,1196.0,520.0,1087.0,473.0,171.0,435.0,3267.0,978.0,1.722,5654.417,5702.456,143.127,1095.524,117.107326
2010-01-31,1043.0,597.0,919.0,428.0,154.0,434.0,3191.0,764.0,1.527,5579.9969999999985,5554.422,164.141,1263.4769999999999,130.794354
2010-07-31,1356.0,673.0,996.0,472.0,179.0,416.0,3431.0,902.0,2.307,5988.348999999998,6372.144,801.08,1050.5910000000001,78.81189
2010-06-30,1459.0,552.0,1053.0,488.0,181.0,434.0,3677.0,869.0,1.486,6078.115,6275.379,789.052,1090.4180000000001,89.558276
2010-03-31,1491.0,573.0,761.0,499.0,176.0,434.0,3636.0,675.0,3.838,7190.119000000002,5466.863,568.3330000000001,1267.2930000000001,136.545348
2010-05-31,1377.0,552.0,1070.0,464.0,167.0,445.0,3458.0,933.0,1.537,6564.354,6360.425,791.993,1153.9589999999998,114.035126
2010-11-30,1427.0,682.0,826.0,491.0,204.0,445.0,3619.0,789.0,0.47200000000000003,6397.0920000000015,4866.906,486.98800000000006,1165.968,61.308659
2010-10-31,1419.0,837.0,893.0,472.0,193.0,464.0,3668.0,847.0,1.105,6355.347000000002,5350.088000000001,795.422,1139.271,61.986059
2010-09-30,1403.0,749.0,955.0,506.0,190.0,454.0,3603.0,921.0,2.153,6076.529,5691.644,780.247,1092.894,62.321709999999996
2011-04-30,1089.0,932.0,911.0,562.0,215.0,468.0,3670.0,867.0,3.3569999999999998,5746.051,5317.576,1019.115,1258.0410000000002,156.819494
2011-08-31,1154.0,784.0,1004.0,601.0,248.0,475.0,3401.0,1228.0,3.2569999999999997,6457.863,5963.611,792.654,1257.462,125.90489199999999
2011-12-31,1099.0,907.0,715.0,568.0,243.0,402.0,3660.0,620.0,0.0,5918.272,4638.504,464.959,1222.394,191.19101899999998
2011-02-28,1341.0,840.0,752.0,501.0,230.0,471.0,3759.0,791.0,1.7309999999999999,6397.768999999998,4416.78,638.013,1104.25,145.34905600000002
2011-01-31,1176.0,859.0,697.0,485.0,207.0,466.0,3676.0,621.0,1.3840000000000001,6287.291,4590.693,412.365,1312.23,157.425881
2011-07-31,1087.0,756.0,955.0,591.0,242.0,472.0,3218.0,1177.0,1.151,6012.47,5788.590999999999,1315.3429999999998,1311.079,146.567141
2011-06-30,1171.0,812.0,1013.0,605.0,246.0,496.0,3651.0,1194.0,1.077,6041.183000000001,5914.475,1072.215,1212.035,161.52364
2011-03-31,1202.0,972.0,893.0,576.0,231.0,486.0,3885.0,837.0,3.4539999999999997,6341.263999999999,5391.255,789.541,1333.7220000000002,173.024251
2011-05-31,1239.0,897.0,980.0,570.0,238.0,478.0,3785.0,1045.0,1.1540000000000001,6413.757,5838.578,1075.411,1291.4769999999999,169.844341
2011-11-30,1100.0,871.0,793.0,563.0,197.0,421.0,3444.0,836.0,0.0,5713.603999999998,4600.85,909.586,1227.588,120.127571
2011-10-31,1013.0,803.0,782.0,581.0,222.0,437.0,3278.0,831.0,8.562000000000001,6144.4619999999995,4877.191,1164.634,1212.447,100.76525699999999
2011-09-30,1113.0,975.0,888.0,627.0,248.0,477.0,3508.0,1082.0,8.562000000000001,6498.89,5287.863,1120.573,1193.472,98.235231
2012-04-30,1299.0,933.0,729.0,631.0,260.0,405.0,3865.0,570.0,0.0,6901.614000000001,5457.063,1135.509,1221.191,223.359015
2012-08-31,1214.0,994.0,1009.0,642.0,283.0,410.0,4037.0,971.0,0.0,6482.2469999999985,6110.548000000001,1114.621,1288.728,187.08308799999998
2012-12-31,1339.0,1035.0,915.0,600.0,278.0,456.0,4075.0,981.0,0.0,6756.5340000000015,5606.227,412.88699999999994,1471.256,264.069117
2012-02-29,1263.0,730.0,873.0,626.0,276.0,424.0,3596.0,917.0,0.0,6679.259,5301.268,799.212,1098.637,206.09623200000001
2012-01-31,1177.0,924.0,714.0,584.0,267.0,406.0,3892.0,708.0,0.0,6520.5030000000015,5083.862,484.49,1227.9460000000001,196.063054
2012-07-31,1466.0,989.0,958.0,639.0,271.0,398.0,4267.0,1040.0,0.0,6718.834000000002,6279.116999999999,946.702,1193.245,203.63198899999998
2012-06-30,1386.0,979.0,1026.0,631.0,280.0,404.0,3900.0,1161.0,0.0,6774.1500000000015,6006.804,937.377,1172.139,220.187454
2012-03-31,1386.0,960.0,915.0,601.0,279.0,412.0,3846.0,1118.0,0.0,7257.474,5875.32,1163.708,1274.388,228.23220899999998
2012-05-31,1342.0,949.0,944.0,635.0,278.0,406.0,3944.0,945.0,0.0,7227.120000000001,6191.6669999999995,1076.0410000000002,1257.953,226.849722
2012-11-30,1420.0,1034.0,1042.0,647.0,292.0,458.0,4312.0,1019.0,0.0,6991.49,5998.703,519.156,1313.715,199.102304
2012-10-31,1314.0,1017.0,1045.0,646.0,285.0,424.0,4122.0,1039.0,0.0,6533.259,6465.892,797.1060000000001,1339.1779999999999,188.20320900000002
2012-09-30,1349.0,942.0,894.0,655.0,284.0,424.0,4077.0,925.0,0.0,6325.972,5766.566,1140.617,1275.845,167.59149
2013-04-30,1267.0,984.0,743.0,615.0,291.0,599.0,4112.0,893.0,0.0,6496.109,5549.361999999999,1140.099,1808.8310000000001,330.698546
2013-08-31,1073.0,814.0,912.0,642.0,317.0,616.0,3946.0,948.0,0.0,5872.706999999999,5692.566999999999,1515.479,2079.817,314.154866
2013-12-31,1021.0,898.0,722.0,638.0,303.0,619.0,3803.0,904.0,0.0,5754.138000000001,4467.514,321.704,2183.177,403.28704700000003
2013-02-28,1451.0,923.0,845.0,626.0,310.0,501.0,4134.0,881.0,0.0,7040.797000000001,5251.269,555.799,1359.95,296.960508
2013-01-31,1231.0,994.0,792.0,625.0,290.0,481.0,3965.0,952.0,0.0,6748.626,5338.994000000001,362.23400000000004,1518.225,306.844662
2013-07-31,1245.0,1005.0,822.0,675.0,307.0,610.0,4171.0,1145.0,0.0,6369.536000000001,5378.116,1297.3210000000001,2011.0020000000002,307.00184628
2013-06-30,1426.0,932.0,851.0,601.0,310.0,594.0,4049.0,1120.0,0.0,6851.460999999998,5100.912,1268.211,1855.106,310.167919
2013-03-31,1469.0,1041.0,958.0,624.0,309.0,560.0,4185.0,1193.0,0.0,7081.709000000002,6348.518,818.237,1805.796,341.553411
2013-05-31,1375.0,940.0,956.0,608.0,314.0,586.0,4258.0,965.0,0.0,7107.069,6064.3330000000005,1310.006,1921.7520000000002,344.69282599999997
2013-11-30,1135.0,925.0,973.0,640.0,314.0,659.0,4038.0,1014.0,0.0,5597.263000000001,5585.946999999999,1044.4080000000001,2097.527,317.077704
2013-10-31,1005.0,911.0,994.0,661.0,309.0,645.0,4020.0,1139.0,0.0,5647.471,5790.115,1341.599,1987.109,274.112499
2013-09-30,1075.0,789.0,898.0,668.0,310.0,647.0,3853.0,988.0,0.0,5568.485,5520.967,1596.693,1974.4160000000002,260.416493
2014-04-30,1288.0,942.0,739.0,629.0,302.0,698.0,3958.0,1095.0,0.0,6767.2069999999985,5224.212,1222.559,2203.266,448.030662
2014-08-31,1127.0,976.0,975.0,685.0,319.0,656.0,3922.0,1255.0,0.0,6062.953,6079.486,1270.629,2063.045,386.738721
2014-12-31,968.0,1034.0,979.0,617.0,313.0,662.0,3975.0,929.0,0.0,5572.488,5677.564,493.277,2159.759,482.743266
2014-02-28,1245.0,940.0,681.0,658.0,326.0,689.0,4245.0,821.0,0.0,6068.084999999999,4309.77,845.46,2011.766,387.38673
2014-01-31,1158.0,904.0,407.0,639.0,304.0,663.0,4203.0,544.0,0.0,6263.4079999999985,3891.954,591.194,2249.511,428.24844400000006
2014-07-31,1259.0,907.0,802.0,668.0,319.0,655.0,3897.0,938.0,0.0,6871.985,5512.883000000001,1177.907,2183.272,422.30471500000004
2014-06-30,1300.0,953.0,870.0,645.0,317.0,676.0,3985.0,1082.0,0.0,6811.026000000002,5675.655,1085.9180000000001,2212.353,414.604402
2014-03-31,1377.0,890.0,748.0,601.0,327.0,722.0,4285.0,934.0,0.0,7318.204000000001,5227.635,1302.479,2230.819,454.745261
2014-05-31,1415.0,950.0,868.0,627.0,318.0,699.0,4151.0,1112.0,0.0,7408.8369999999995,5825.422,1203.938,2316.775,468.652385
2014-11-30,1106.0,1029.0,1079.0,662.0,318.0,689.0,4186.0,1211.0,0.0,5949.383000000001,6097.535,717.1080000000001,2143.576,415.155606
2014-10-31,1140.0,1038.0,1045.0,686.0,316.0,687.0,4193.0,1166.0,0.0,6123.092000000002,6061.1990000000005,1017.368,2153.377,402.145328
2014-09-30,1110.0,954.0,1024.0,717.0,320.0,665.0,3879.0,1203.0,0.0,5793.031999999998,6134.741999999999,1331.876,2030.067,368.081871
2015-04-30,1293.0,911.0,698.0,679.0,299.0,686.0,3959.0,983.0,0.0,6532.1630000000005,5081.27,1464.628,2361.923,516.7710940000001
2015-08-31,1030.0,868.0,1024.0,559.0,298.0,724.0,3840.0,1287.0,0.0,5892.995,6180.59,1373.86,2454.595,444.26523399999996
2015-12-31,1039.0,997.0,916.0,645.0,291.0,698.0,3802.0,1078.0,0.0,5913.901999999999,5680.753000000001,1146.8,2251.759,498.656062
2015-02-28,1067.0,958.0,1049.0,674.0,319.0,706.0,3826.0,1316.0,0.0,5023.111000000001,5622.84,726.002,2142.618,488.962103
2015-01-31,1016.0,1007.0,918.0,617.0,304.0,660.0,3877.0,1055.0,0.0,5648.745999999999,5308.854,355.394,2272.633,512.619283
2015-07-31,1102.0,850.0,1207.0,646.0,311.0,745.0,3799.0,1469.0,0.0,5963.059,7077.28,758.72,2453.065,469.89607199999995
2015-06-30,1272.0,923.0,1066.0,708.0,312.0,748.0,3812.0,1262.0,0.0,6604.125,6223.866999999999,1162.287,2348.548,497.63720199999995
2015-03-31,1302.0,986.0,1069.0,700.0,329.0,727.0,4184.0,1312.0,0.0,6589.895,6121.0019999999995,1106.605,2529.3579999999997,499.86445499999996
2015-05-31,1331.0,874.0,1023.0,674.0,316.0,746.0,3707.0,1616.0,0.0,7126.820000000002,5912.379,1621.9360000000001,2547.3,502.719123
2015-11-30,1136.0,1032.0,1030.0,649.0,293.0,715.0,3952.0,1260.0,0.0,5958.674999999998,6009.641,1395.43,2226.8160000000003,429.784143
2015-10-31,1058.0,996.0,969.0,615.0,284.0,691.0,3726.0,1212.0,0.0,6066.619000000001,5753.195,1668.695,2288.759,436.583156
2015-09-30,1112.0,1004.0,988.0,651.0,291.0,739.0,3717.0,1291.0,0.0,5769.996,5827.869000000001,1634.129,2342.051,425.09934000000004
2016-04-30,1097.0,949.0,1110.0,684.0,274.0,812.0,3935.0,1126.0,0.0,6269.178000000001,6516.106,1394.444,2716.68,634.396279
2016-08-31,844.0,995.0,980.0,714.0,271.0,879.0,3641.0,1199.0,0.0,5925.561,5568.482,2251.9570000000003,2917.034,613.640178
2016-12-31,858.0,1007.0,785.0,687.0,282.0,872.0,3663.0,1071.0,0.0,5877.096,4618.16,1241.117,2969.712,706.290485
2016-02-29,1023.0,916.0,841.0,683.0,296.0,788.0,3885.0,1069.0,0.0,5363.39,5153.291,1096.506,2421.61,619.039938
2016-01-31,1027.0,988.0,866.0,633.0,282.0,770.0,3961.0,1001.0,0.0,5857.6190000000015,5278.507,1147.661,2494.118,578.4926519999999
2016-07-31,882.0,1004.0,991.0,697.0,267.0,881.0,3890.0,1187.0,0.0,5665.215,5414.13,2098.942,2960.988,605.201589
2016-06-30,1044.0,866.0,991.0,700.0,278.0,877.0,3561.0,1360.0,0.0,5911.621,5696.07,1701.8629999999998,2820.4109999999996,611.923064
2016-03-31,1176.0,749.0,973.0,679.0,304.0,815.0,3754.0,1365.0,0.0,6665.494000000001,6256.986,1339.11,2752.05,685.905862
2016-05-31,1107.0,830.0,1140.0,704.0,287.0,840.0,3690.0,1632.0,0.0,6499.233,6695.549,1910.5,2795.639,642.589422
2016-11-30,872.0,1041.0,811.0,737.0,265.0,901.0,3704.0,1327.0,0.0,5413.982,5331.844,2146.719,2824.687,623.658275
2016-10-31,904.0,1036.0,1022.0,687.0,263.0,902.0,3751.0,1243.0,0.0,5771.56,5657.289000000001,1943.287,2805.051,639.587597
2016-09-30,906.0,1000.0,1030.0,727.0,267.0,899.0,3757.0,1399.0,0.0,5822.767,5707.326999999999,1553.249,2859.4809999999998,593.8758849999999
2017-04-30,865.0,966.0,821.0,697.0,231.0,933.0,3350.0,1459.0,0.0,5887.786999999999,4899.534000000001,2223.1820000000002,3065.84,805.0534690000001
2017-08-31,763.0,1030.0,1032.0,733.0,244.0,1049.0,3596.0,1316.0,0.0,5258.155,6042.616999999999,2198.499,3452.197,748.5363580000001
2017-12-31,585.0,1018.0,719.0,730.0,233.0,1106.0,3577.0,1076.0,0.0,4817.654999999999,4045.633,1810.221,3845.972,881.745599
2017-02-28,816.0,1027.0,891.0,713.0,258.0,957.0,3603.0,1327.0,0.0,5067.1799999999985,4830.91,1445.836,2798.034,773.271539
2017-01-31,807.0,996.0,880.0,679.0,243.0,929.0,3778.0,1350.0,0.0,5638.178000000001,4863.746,1162.701,3081.0490000000004,763.5991700000001
2017-07-31,686.0,837.0,888.0,714.0,239.0,1012.0,3214.0,1461.0,0.0,5123.691,5402.654,2415.044,3344.349,744.240647
2017-06-30,752.0,1026.0,997.0,719.0,244.0,1040.0,3431.0,1605.0,0.0,5359.876,5676.201999999999,2231.133,3222.6490000000003,740.7052480000001
2017-03-31,905.0,1005.0,963.0,716.0,264.0,984.0,3788.0,1412.0,0.0,6038.6709999999985,5723.897,2128.955,3306.2470000000003,835.279288
2017-05-31,779.0,1025.0,1036.0,748.0,246.0,985.0,3692.0,1539.0,0.0,5656.426,6039.927,2174.0860000000002,3283.167,777.53232
2017-11-30,637.0,1061.0,1007.0,747.0,241.0,1146.0,3932.0,968.0,0.0,4610.665999999998,5265.856,2048.442,3634.1929999999998,712.3557480000001
2017-10-31,690.0,1029.0,978.0,751.0,227.0,1098.0,3862.0,1364.0,0.0,4979.473,5491.178000000001,2079.9539999999997,3549.111,743.296755
2017-09-30,817.0,927.0,996.0,742.0,243.0,1086.0,3578.0,1417.0,0.0,5402.740000000002,5353.7519999999995,2509.371,3409.211,744.067825
2018-04-30,732.0,1051.0,733.0,766.0,208.0,1169.0,3381.0,1459.0,0.0,5259.258000000001,4557.278,2055.592,3959.647,877.5695519999999
2018-08-31,659.0,1033.0,750.0,777.0,220.0,1224.0,3374.0,1535.0,0.0,5205.851,4787.492,2535.925,4174.994000000001,819.251759
2018-12-31,645.0,987.0,585.0,736.0,205.0,1191.0,3455.0,1034.0,0.0,5454.722,3814.801,1941.9,4285.929,849.154131
2018-02-28,602.0,1010.0,770.0,768.0,238.0,1164.0,3594.0,1259.0,0.0,4505.992,4385.647,1734.961,3572.5490000000004,856.2188470000001
2018-01-31,599.0,1045.0,694.0,749.0,225.0,1134.0,3702.0,1150.0,0.0,4869.361,4501.81,1862.9260000000002,3865.5170000000003,907.6184519999999
2018-07-31,778.0,1052.0,692.0,771.0,215.0,1210.0,3499.0,1433.0,0.0,5633.6489999999985,4510.21,2220.686,4261.912,817.31431
2018-06-30,845.0,1048.0,775.0,771.0,226.0,1228.0,3632.0,1631.0,0.0,5731.134999999998,4733.983,2149.223,4063.525,841.705018
2018-03-31,740.0,1012.0,859.0,749.0,238.0,1217.0,3521.0,1342.0,0.0,5492.816999999999,5283.706,2228.097,4195.153,947.6649779999999
2018-05-31,795.0,1045.0,787.0,755.0,225.0,1236.0,3555.0,1484.0,0.0,5785.1359999999995,4944.777,2259.2,4091.656,901.824218
2018-11-30,842.0,1001.0,742.0,785.0,215.0,1245.0,3804.0,1367.0,0.0,5636.9259999999995,4096.692,2201.469,4123.128,853.5480869999999
2018-10-31,819.0,973.0,727.0,776.0,209.0,1207.0,3694.0,1391.0,0.0,5637.477,4376.311,2677.597,4040.4390000000003,849.280909
2018-09-30,672.0,912.0,758.0,739.0,212.0,1241.0,3114.0,1531.0,0.0,5113.807,4292.701,2801.865,4049.222,819.775428
