MONTH,YEAR,DS,PowerGen from Coal & Lignite,PowerGen from Diesel,NG Production-Domestic,NG Consume by Electricity,PowerGen from Fuel Oil,NG Consume by GSP,PowerGen from HydroElec,NG Production-Import,PowerGen from Imported,NG Consume by Industry,NG Consume by NGV,PowerGen from Natural Gas,PowerGen from Renewable Energy
4,1986,1986-04-30,336.14,0.49,352.0,237.0,333.95,79.0,633.91,0.0,33.79,16.0,0.0,817.25,0.0
8,1986,1986-08-31,517.4,0.38,322.0,227.0,246.9,65.0,542.0,0.0,91.24,6.0,0.0,800.96,0.0
12,1986,1986-12-31,589.38,0.09,379.0,271.0,265.77,77.0,229.09,0.0,43.0,7.0,0.0,966.21,0.0
2,1986,1986-02-28,323.55,2.05,350.0,235.0,288.67,74.0,391.76,0.0,52.14,12.0,0.0,755.35,0.0
1,1986,1986-01-31,512.63,0.19,370.0,251.0,229.46,75.0,218.9,0.0,57.0,13.0,0.0,880.34,0.0
7,1986,1986-07-31,496.77,0.38,331.0,232.0,243.03,65.0,525.44,0.0,92.74,6.0,0.0,820.81,0.0
6,1986,1986-06-30,449.51,0.6,343.0,248.0,208.12,61.0,615.11,0.0,65.32,13.0,0.0,845.57,0.0
3,1986,1986-03-31,331.95,4.97,373.0,255.0,227.37,82.0,629.74,0.0,41.86,19.0,0.0,899.54,0.0
5,1986,1986-05-31,404.26,0.64,362.0,254.0,302.11,76.0,498.05,0.0,47.28,11.0,0.0,900.01,0.0
11,1986,1986-11-30,496.34,0.11,357.0,269.0,261.86,60.0,407.21,0.0,61.92,6.0,0.0,923.61,0.0
10,1986,1986-10-31,579.68,0.17,354.0,252.0,357.69,75.0,362.4,0.0,75.31,4.0,0.0,901.73,0.0
9,1986,1986-09-30,503.67,0.17,308.0,216.0,369.95,63.0,478.09,0.0,96.78,4.0,0.0,740.33,0.0
4,1987,1987-04-30,598.14,0.17,438.0,336.0,197.22,68.0,485.04,0.0,34.66,4.0,0.0,1134.38,0.0
8,1987,1987-08-31,607.47,0.19,515.0,392.0,156.56,78.0,379.76,0.0,24.92,4.0,0.0,1375.53,0.0
12,1987,1987-12-31,533.74,0.03,505.0,377.0,230.59,79.0,123.51,0.0,64.95,5.0,0.0,1335.9,0.96
2,1987,1987-02-28,457.4,0.15,429.0,317.0,182.33,80.0,402.57,0.0,33.13,4.0,0.0,1014.48,0.0
1,1987,1987-01-31,579.36,0.21,398.0,283.0,227.8,80.0,265.68,0.0,39.23,6.0,0.0,1013.43,0.0
7,1987,1987-07-31,585.69,0.24,523.0,402.0,152.56,78.0,384.67,0.0,17.9,4.0,0.0,1405.16,0.0
6,1987,1987-06-30,512.04,0.18,557.0,434.0,136.2,77.0,340.68,0.0,31.82,4.0,0.0,1445.47,0.0
3,1987,1987-03-31,610.99,0.57,443.0,331.0,137.06,79.0,541.6,0.0,31.59,5.0,0.0,1150.4,0.0
5,1987,1987-05-31,576.18,0.2,462.0,371.0,245.44,48.0,409.23,0.0,29.97,5.0,0.0,1267.82,0.0
11,1987,1987-11-30,515.53,0.08,512.0,432.0,195.15,35.0,241.01,0.0,50.73,5.0,0.0,1467.48,1.39
10,1987,1987-10-31,630.07,0.33,525.0,431.0,141.8,46.0,230.43,0.0,48.21,5.0,0.0,1502.91,2.57
9,1987,1987-09-30,491.4,0.06,565.0,441.0,185.67,79.0,252.05,0.0,8.34,3.0,0.0,1510.7,0.0
4,1988,1988-04-30,599.86,0.09,554.0,435.0,226.39,74.0,442.62,0.0,28.99,7.0,0.0,1478.56,0.54
8,1988,1988-08-31,588.84,0.09,594.0,471.0,295.65,69.0,287.39,0.0,44.71,6.0,0.0,1641.23,8.95
12,1988,1988-12-31,529.75,0.61,583.0,447.0,289.45,81.0,226.16,0.0,33.55,9.0,0.0,1585.4,1.47
2,1988,1988-02-29,478.44,0.15,575.0,446.0,138.86,77.0,340.26,0.0,43.73,6.0,0.0,1469.13,1.24
1,1988,1988-01-31,535.64,0.14,549.0,425.0,167.19,77.0,220.18,0.0,43.13,4.0,0.0,1505.89,1.55
7,1988,1988-07-31,633.22,0.05,580.0,447.0,275.28,78.0,305.17,0.0,31.19,7.0,0.0,1554.37,7.26
6,1988,1988-06-30,607.74,0.08,603.0,470.0,264.55,77.0,269.66,0.0,32.51,7.0,0.0,1584.31,1.74
3,1988,1988-03-31,546.34,0.25,567.0,435.0,238.96,78.0,550.48,0.0,29.84,7.0,0.0,1529.92,0.54
5,1988,1988-05-31,616.65,0.06,581.0,449.0,279.42,79.0,288.26,0.0,26.89,7.0,0.0,1572.08,0.16
11,1988,1988-11-30,540.05,1.11,566.0,460.0,263.84,58.0,247.79,0.0,39.05,7.0,0.0,1545.27,1.86
10,1988,1988-10-31,618.78,0.8,593.0,468.0,301.82,72.0,251.65,0.0,40.68,9.0,0.0,1642.22,2.13
9,1988,1988-09-30,504.19,0.04,592.0,469.0,400.62,65.0,288.55,0.0,35.51,8.0,0.0,1611.5,2.75
4,1989,1989-04-30,621.21,0.39,586.0,452.0,329.2,80.0,679.34,0.0,28.85,8.0,0.0,1543.28,0.59
8,1989,1989-08-31,697.36,0.87,572.0,467.0,356.25,36.0,537.38,0.0,66.61,9.0,0.0,1635.85,2.23
12,1989,1989-12-31,804.71,7.36,609.0,439.0,466.93,99.0,238.64,0.0,81.51,12.0,0.0,1521.7,0.92
2,1989,1989-02-28,544.21,0.36,565.0,437.0,235.23,74.0,466.02,0.0,25.21,11.0,0.0,1396.71,0.67
1,1989,1989-01-31,527.57,0.3,591.0,447.0,413.52,81.0,332.65,0.0,27.07,9.0,0.0,1619.19,0.75
7,1989,1989-07-31,719.31,0.06,570.0,498.0,403.84,4.0,325.62,0.0,56.55,9.0,0.0,1735.76,1.87
6,1989,1989-06-30,637.37,0.41,587.0,494.0,382.57,20.0,423.75,0.0,38.09,9.0,0.0,1692.0,1.47
3,1989,1989-03-31,608.9,0.75,584.0,441.0,314.37,79.0,675.91,0.0,27.94,11.0,0.0,1575.68,0.63
5,1989,1989-05-31,623.16,0.38,564.0,477.0,357.02,23.0,601.83,0.0,28.44,8.0,0.0,1691.85,0.88
11,1989,1989-11-30,707.56,4.73,584.0,429.0,582.26,85.0,439.41,0.0,84.79,11.0,0.0,1420.03,1.42
10,1989,1989-10-31,695.37,0.09,578.0,485.0,516.67,25.0,333.38,0.0,80.99,9.0,0.0,1720.46,3.34
9,1989,1989-09-30,682.84,0.75,559.0,489.0,380.97,0.0,458.28,0.0,97.1,9.0,0.0,1642.24,6.8
4,1990,1990-04-30,949.72,19.68,613.0,445.0,738.4,89.0,490.12,0.0,39.76,14.0,0.0,1470.67,1.49
8,1990,1990-08-31,921.94,34.05,630.0,445.0,1017.24,102.0,413.36,0.0,64.41,17.0,0.0,1464.95,3.89
12,1990,1990-12-31,962.84,30.04,692.0,468.0,908.39,113.0,266.12,0.0,60.21,32.0,0.0,1426.79,0.86
2,1990,1990-02-28,714.83,13.95,616.0,440.0,781.93,88.0,397.38,0.0,51.83,14.0,0.0,1363.23,0.95
1,1990,1990-01-31,856.46,16.19,596.0,434.0,643.61,85.0,317.0,0.0,67.57,14.0,0.0,1508.3,1.01
7,1990,1990-07-31,913.81,43.49,616.0,436.0,980.33,99.0,369.89,0.0,56.34,15.0,0.0,1439.4,3.87
6,1990,1990-06-30,1010.32,33.69,629.0,443.0,884.11,95.0,373.01,0.0,48.59,16.0,0.0,1470.7,3.16
3,1990,1990-03-31,821.44,17.25,616.0,448.0,772.41,86.0,575.93,0.0,48.2,14.0,0.0,1568.29,1.38
5,1990,1990-05-31,945.47,26.15,610.0,459.0,829.17,71.0,444.34,0.0,32.66,15.0,0.0,1597.16,2.44
11,1990,1990-11-30,987.8,27.48,644.0,493.0,784.6,114.0,390.6,0.0,56.41,20.0,0.0,1515.03,1.37
10,1990,1990-10-31,1079.32,53.44,657.0,449.0,818.86,117.0,423.62,0.0,65.95,19.0,0.0,1426.84,1.71
9,1990,1990-09-30,888.9,41.44,652.0,469.0,853.58,105.0,438.74,0.0,60.39,19.0,0.0,1513.7,2.86
4,1991,1991-04-30,994.83,13.65,781.0,597.0,1023.43,80.0,420.96,0.0,55.24,20.0,0.0,1641.54,3.56
8,1991,1991-08-31,1743.68,0.54,814.0,597.0,1126.44,120.0,410.1,0.0,85.75,24.0,0.0,994.92,1.09
12,1991,1991-12-31,1232.51,2.57,741.0,521.0,1228.11,123.0,329.81,0.0,25.0,27.0,0.0,1347.62,2.08
2,1991,1991-02-28,908.8,9.49,796.0,535.0,816.13,114.0,332.91,0.0,42.69,30.0,0.0,1428.92,1.09
1,1991,1991-01-31,1025.72,33.26,734.0,508.0,983.85,114.0,383.46,0.0,40.98,34.0,0.0,1495.83,0.84
7,1991,1991-07-31,1190.82,2.46,806.0,599.0,1086.16,108.0,276.64,0.0,69.66,22.0,0.0,1795.7,1.2
6,1991,1991-06-30,1166.19,14.72,756.0,651.0,882.96,18.0,231.26,0.0,40.22,21.0,0.0,1933.54,3.02
3,1991,1991-03-31,1030.34,12.0,818.0,614.0,1044.46,99.0,463.44,0.0,41.99,21.0,0.0,1797.33,1.43
5,1991,1991-05-31,1128.88,17.62,795.0,634.0,1078.68,61.0,307.44,0.0,35.24,19.0,0.0,1898.31,1.97
11,1991,1991-11-30,1166.32,3.59,778.0,560.0,1030.93,116.0,456.49,0.0,49.49,25.0,0.0,1467.22,3.1
10,1991,1991-10-31,1153.05,0.58,779.0,553.0,1213.62,116.0,405.94,0.0,50.27,24.0,0.0,1601.55,6.84
9,1991,1991-09-30,1044.08,2.09,795.0,585.0,1121.62,111.0,486.9,0.0,56.58,24.0,0.0,1648.71,3.43
4,1992,1992-04-30,1238.02,2.48,795.0,591.0,1420.89,114.0,475.98,0.0,29.11,31.0,0.0,1723.41,2.03
8,1992,1992-08-31,1376.16,16.92,874.0,655.0,1174.85,118.0,206.71,0.0,75.4,34.0,0.0,2127.24,0.7
12,1992,1992-12-31,958.54,0.98,912.0,667.0,1105.42,126.0,323.59,0.0,19.73,37.0,0.0,2314.54,1.66
2,1992,1992-02-29,1173.14,1.25,750.0,542.0,1213.75,101.0,404.93,0.0,35.23,31.0,0.0,1368.82,1.89
1,1992,1992-01-31,1301.86,0.97,740.0,525.0,1128.07,117.0,338.98,0.0,23.44,26.0,0.0,1436.21,1.69
7,1992,1992-07-31,1406.82,31.39,836.0,617.0,1274.84,118.0,281.89,0.0,69.72,34.0,0.0,1941.91,0.57
6,1992,1992-06-30,1298.16,21.92,839.0,608.0,1370.41,115.0,335.12,0.0,46.55,36.0,0.0,1830.98,0.43
3,1992,1992-03-31,1277.74,6.39,740.0,536.0,1559.49,103.0,561.37,0.0,21.03,33.0,0.0,1500.77,1.85
5,1992,1992-05-31,1220.56,4.04,816.0,617.0,1435.44,94.0,402.01,0.0,34.38,33.0,0.0,2004.46,1.61
11,1992,1992-11-30,996.25,4.84,905.0,659.0,1133.13,126.0,269.54,0.0,27.64,38.0,0.0,2214.63,2.32
10,1992,1992-10-31,1330.35,57.25,863.0,642.0,994.01,107.0,276.86,0.0,47.08,37.0,0.0,2197.44,3.74
9,1992,1992-09-30,1237.45,12.91,908.0,682.0,1118.62,122.0,281.96,0.0,50.58,34.0,0.0,2282.63,2.35
4,1993,1993-04-30,1049.818,24.092,941.0,709.0,1365.171,122.0,394.094,0.0,24.685,38.0,0.0,2367.726,1.729
8,1993,1993-08-31,1409.205,40.928000000000004,875.0,642.0,1361.4520000000002,142.0,328.449,0.0,116.289,43.0,0.0,2189.237,2.766
12,1993,1993-12-31,943.346,89.444,946.0,682.0,1491.604,134.0,172.18400000000003,0.0,49.06,42.0,0.0,2377.881,1.355
2,1993,1993-02-28,753.727,10.262,978.0,722.0,1260.039,121.0,352.839,0.0,15.832,39.0,0.0,2233.516,1.541
1,1993,1993-01-31,896.118,8.17,902.0,657.0,1320.047,126.0,220.24099999999999,0.0,22.758000000000003,37.0,0.0,2252.209,1.75
7,1993,1993-07-31,1438.8310000000001,36.898,944.0,690.0,1539.638,125.0,274.168,0.0,77.836,42.0,0.0,2392.839,2.065
6,1993,1993-06-30,1389.994,54.445,956.0,717.0,1460.094,127.0,324.46299999999997,0.0,45.453,44.0,0.0,2234.096,1.871
3,1993,1993-03-31,924.0189999999999,18.527,945.0,712.0,1616.844,110.0,451.642,0.0,20.703000000000003,39.0,0.0,2454.5660000000003,1.7480000000000002
5,1993,1993-05-31,1409.0929999999998,57.87,956.0,706.0,1470.185,128.0,345.901,0.0,31.914,41.0,0.0,2336.6,2.18
11,1993,1993-11-30,883.544,132.375,947.0,686.0,1747.871,134.0,309.103,0.0,37.278,51.0,0.0,2255.369,3.0610000000000004
10,1993,1993-10-31,1130.0,127.87299999999999,938.0,696.0,1567.683,129.0,201.96599999999998,0.0,82.616,40.0,0.0,2473.185,4.84
9,1993,1993-09-30,1276.059,143.08100000000002,946.0,705.0,1293.892,133.0,237.451,0.0,120.09200000000001,35.0,0.0,2385.936,4.523
4,1994,1994-04-30,1372.251,87.899,988.0,750.0,1627.016,116.0,302.072,0.0,42.141000000000005,44.0,0.0,2504.81,3.73356
8,1994,1994-08-31,1304.278,114.696,1096.0,820.0,1542.95,132.0,374.32099999999997,0.0,116.486,58.0,0.0,2712.51,7.244
12,1994,1994-12-31,844.06,151.859,1103.0,814.0,1737.266,129.0,522.774,0.0,60.388000000000005,65.0,0.0,2777.994,8.66052
2,1994,1994-02-28,984.73,141.056,976.0,737.0,1518.985,128.0,286.58799999999997,0.0,42.803999999999995,47.0,0.0,2311.103,1.94904
1,1994,1994-01-31,931.3510000000001,173.63299999999998,947.0,692.0,1679.7179999999998,130.0,228.668,0.0,47.306999999999995,41.0,0.0,2399.783,1.88268
7,1994,1994-07-31,1439.1270000000002,62.691,1085.0,815.0,1576.329,131.0,204.278,0.0,103.992,52.0,0.0,2712.5959999999995,3.269
6,1994,1994-06-30,1383.009,155.773,1035.0,791.0,1636.891,107.0,197.665,0.0,60.647,55.0,0.0,2628.598,1.979
3,1994,1994-03-31,1341.485,105.13799999999999,948.0,793.0,1504.255,32.0,330.83,0.0,47.606,50.0,0.0,2770.875,3.2295599999999998
5,1994,1994-05-31,1405.6960000000001,168.47400000000002,985.0,734.0,1782.9520000000002,118.0,298.404,0.0,50.381,51.0,0.0,2550.16,3.0557
11,1994,1994-11-30,845.265,114.664,1109.0,828.0,1759.0120000000002,130.0,625.504,0.0,64.505,71.0,0.0,2714.0840000000003,1.77908
10,1994,1994-10-31,1051.375,56.494,1087.0,819.0,1665.935,127.0,507.186,0.0,113.87,53.0,0.0,2776.361,4.71
9,1994,1994-09-30,1228.281,52.799,1089.0,805.0,1615.872,131.0,525.312,0.0,120.68799999999999,59.0,0.0,2625.9240000000004,9.2714
4,1995,1995-04-30,1358.165,104.32,1074.0,778.0,1944.3339999999998,122.0,597.263,0.0,38.78,61.0,0.0,2643.776,18.42652
8,1995,1995-08-31,1539.6055600000002,310.03700000000003,1113.0,849.0,1461.3,95.0,507.52099999999996,0.0,93.07,65.0,0.0,3087.4491000000007,16.476
12,1995,1995-12-31,1160.4964,130.829,1120.0,774.0,1822.287,123.0,393.406,0.0,55.126999999999995,86.0,0.0,2799.9408000000008,10.94568
2,1995,1995-02-28,874.842,67.868,1117.0,805.0,1720.765,127.0,544.4580000000001,0.0,46.852,67.0,0.0,2486.585,17.5996
1,1995,1995-01-31,854.997,107.73299999999999,1098.0,800.0,1800.6870000000001,129.0,445.311,0.0,44.81,68.0,0.0,2749.659,10.78802
7,1995,1995-07-31,1688.384,257.503,1086.0,819.0,1613.707,88.0,389.964,0.0,54.341,63.0,0.0,2953.92835,10.2754
6,1995,1995-06-30,1590.92,247.148,1063.0,781.0,1842.817,112.0,592.064,0.0,41.035,68.0,0.0,2688.5679999999998,11.752479999999998
3,1995,1995-03-31,1246.389,90.68299999999999,1122.0,813.0,2136.12,125.0,742.33,0.0,40.29,70.0,0.0,2833.769,18.46088
5,1995,1995-05-31,1386.826,199.43400000000003,1077.0,774.0,2101.7889999999998,121.0,611.279,0.0,39.004,71.0,0.0,2777.014,9.31608
11,1995,1995-11-30,1113.30812,270.311,1115.0,799.0,1805.39,123.0,593.439,0.0,57.684,94.0,0.0,2818.1495,2.2406
10,1995,1995-10-31,1087.69932,238.44400000000002,1122.0,809.0,1870.02,113.0,577.047,0.0,83.29799999999999,82.0,0.0,3065.1877,5.3996
9,1995,1995-09-30,1263.48024,236.87,1081.0,812.0,1592.674,96.0,598.929,0.0,104.83,79.0,0.0,2959.235800000001,11.0682
4,1996,1996-04-30,1521.3190000000004,210.72299999999998,1188.0,866.0,1982.105,122.0,688.477,0.0,33.806999999999995,78.0,0.0,2850.2997,15.96016
8,1996,1996-08-31,1756.50184,430.404,1249.0,941.0,1831.335,121.0,612.149,0.0,99.189,77.0,0.0,2963.5681,21.6085
12,1996,1996-12-31,1397.74,384.421,1403.0,1073.0,1224.276,132.0,423.955,0.0,85.641,74.0,0.0,3297.60625,22.09611
2,1996,1996-02-29,1211.0552,135.025,1091.0,785.0,1879.1779999999999,128.0,635.918,0.0,43.773999999999994,76.0,0.0,2504.4673,19.7541
1,1996,1996-01-31,1186.68312,195.679,1106.0,805.0,1980.691,130.0,544.692,0.0,40.475,63.0,0.0,2746.8602,18.7005
7,1996,1996-07-31,1814.84972,493.731,1295.0,977.0,1648.37,131.0,505.82300000000004,0.0,64.617,80.0,0.0,3106.67725,16.57594
6,1996,1996-06-30,1599.33032,443.94300000000004,1250.0,951.0,1798.401,126.0,637.305,0.0,54.63,90.0,0.0,2871.87545,17.42016
3,1996,1996-03-31,1473.92404,312.268,1094.0,815.0,2093.849,65.0,831.6239999999999,0.0,35.376999999999995,62.0,0.0,2882.4945,21.40618
5,1996,1996-05-31,1491.27748,339.98699999999997,1264.0,920.0,2066.306,121.0,641.186,0.0,38.915,95.0,0.0,3090.87075,17.1016
11,1996,1996-11-30,1402.2995600000004,525.643,1469.0,1123.0,1221.484,133.0,628.69,0.0,81.433,82.0,0.0,3457.0640000000003,11.78864
10,1996,1996-10-31,1364.7143999999996,573.924,1453.0,1116.0,1524.378,131.0,492.47900000000004,0.0,113.679,74.0,0.0,3592.59605,8.707719999999998
9,1996,1996-09-30,1360.37736,526.615,1327.0,994.0,1733.358,130.0,572.7040000000001,0.0,114.069,85.0,0.0,3068.96465,16.0012
4,1997,1997-04-30,1613.6375899999996,161.372,1448.0,1152.0,1718.265,123.0,645.554,0.0,43.659,90.0,0.0,3445.0451700000003,29.67434
8,1997,1997-08-31,1703.44314,112.3,1627.0,1226.0,1622.8039999999999,169.0,584.115,0.0,99.792,100.0,0.0,3895.52004,22.555948
12,1997,1997-12-31,1408.7548199999999,184.351,1604.0,1241.0,1219.8686380000001,158.0,509.26,0.0,51.865,97.0,0.0,3926.927282,26.921259999999997
2,1997,1997-02-28,1471.31401,240.94799999999998,1507.0,1148.0,1357.856,146.0,635.524,0.0,40.476,106.0,0.0,3221.8876800000007,19.4391
1,1997,1997-01-31,1377.19978,300.422,1485.0,1102.0,1412.28,134.0,505.833,0.0,45.756,98.0,0.0,3471.69055,26.202920000000002
7,1997,1997-07-31,1875.08213,124.928,1618.0,1233.0,1639.275,155.0,546.7040000000001,0.0,69.28,98.0,0.0,3916.66188,15.4923
6,1997,1997-06-30,1797.56853,234.09400000000002,1636.0,1248.0,1947.64,167.0,578.613,0.0,42.257,97.0,0.0,3704.68559,18.972988
3,1997,1997-03-31,1835.72142,247.63299999999998,1521.0,1148.0,1826.1879999999999,151.0,770.9789999999999,0.0,32.406,91.0,0.0,3557.35735,25.5433
5,1997,1997-05-31,1641.97898,325.471,1467.0,1229.0,2011.486,78.0,704.518,0.0,44.016000000000005,80.0,0.0,3788.38471,29.06714
11,1997,1997-11-30,1368.6014400000001,72.304,1627.0,1244.0,1431.752107,162.0,470.88300000000004,0.0,66.286,103.0,0.0,3921.23666,11.802019999999999
10,1997,1997-10-31,1511.3193199999998,195.707,1630.0,1233.0,1502.5766859999999,160.0,591.512,0.0,105.17200000000001,95.0,0.0,3925.75185,15.40175
9,1997,1997-09-30,1421.17333,241.149,1594.0,1214.0,1590.941776,150.0,538.505,0.0,104.663,103.0,0.0,3798.52487,17.606991999999995
4,1998,1998-04-30,1519.53292,125.444,1503.0,1107.0,1794.647959,145.0,675.033,0.0,92.214,94.0,0.0,3585.3766000000005,34.56264
8,1998,1998-08-31,1439.9383,78.895,1763.0,1325.0,1224.9720619999998,152.0,361.87699999999995,10.0,151.91,83.0,0.0,4368.8276700000015,15.26454
12,1998,1998-12-31,1335.05428,28.927,1706.0,1303.0,1100.8092319999996,172.0,198.767,3.0,140.71,124.0,0.0,4015.036803,22.61854
2,1998,1998-02-28,1324.3809199999998,14.355,1642.0,1273.0,1437.814673,157.0,539.197,0.0,102.902,93.0,0.0,3774.14586,28.482590999999996
1,1998,1998-01-31,1342.81084,124.323,1504.0,1201.0,1245.272596,163.0,522.061,0.0,71.987,80.0,0.0,3887.4969100000003,33.191013000000005
7,1998,1998-07-31,1499.2509,17.991,1739.0,1281.0,1626.9435400000002,147.0,306.634,0.0,197.53,74.0,0.0,4153.318450000002,11.52208
6,1998,1998-06-30,1541.908,52.931999999999995,1734.0,1290.0,1740.528649,156.0,387.07,0.0,181.123,94.0,0.0,3934.37737,13.614360000000001
3,1998,1998-03-31,1476.96308,43.817,1688.0,1294.0,1682.1321239999997,155.0,726.3760000000001,0.0,87.181,86.0,0.0,4265.9859099999985,49.21778
5,1998,1998-05-31,1396.89958,111.806,1730.0,1263.0,1979.9806199999998,151.0,512.948,0.0,101.40299999999999,90.0,0.0,4123.09792,17.731279999999998
11,1998,1998-11-30,1280.16953,105.26,1819.0,1411.0,1116.164496,173.0,305.488,8.0,130.025,95.0,0.0,4151.0806299999995,16.77252
10,1998,1998-10-31,1329.01189,202.537,1814.0,1404.0,1182.3090439999999,172.0,274.348,4.0,174.33599999999998,94.0,0.0,4412.85913,15.303540000000002
9,1998,1998-09-30,1104.55798,82.686,1722.0,1344.0,1440.942676,159.0,279.02299999999997,0.0,191.391,95.0,0.0,4349.52472,12.81254
4,1999,1999-04-30,1384.330492,74.792,1764.0,1390.0,1289.483023,168.0,329.101,0.0,76.946,96.0,0.0,4509.683387,42.46691500000001
8,1999,1999-08-31,1394.702304,35.449,1906.0,1431.0,1490.158952,174.0,348.832,0.0,258.48,133.0,0.0,4457.33482,29.718095
12,1999,1999-12-31,1459.55133,15.200999999999999,1861.0,1386.0,601.187368,174.0,237.063,1.0,250.826,147.0,0.0,4298.74817,29.525263
2,1999,1999-02-28,1368.60381,18.387999999999998,1671.0,1323.0,1003.3596640000001,128.0,311.83799999999997,6.0,63.178000000000004,98.0,0.0,3924.7910799999995,34.253440000000005
1,1999,1999-01-31,1424.91954,16.785999999999998,1713.0,1300.0,1106.182976,166.0,249.82,0.0,102.681,106.0,0.0,4080.215313,40.81398
7,1999,1999-07-31,1444.5646199999999,66.839,1829.0,1416.0,1582.9702639999996,174.0,279.732,0.0,241.722,126.0,0.0,4463.91212,24.610955999999998
6,1999,1999-06-30,1232.354888,22.680999999999997,1917.0,1472.0,1578.2306130000004,178.0,217.549,0.0,199.05700000000002,130.0,0.0,4852.835814,42.886906
3,1999,1999-03-31,1473.57948,114.105,1898.0,1443.0,1472.702304,123.0,435.195,0.0,61.91,113.0,0.0,4644.8974100000005,40.33883
5,1999,1999-05-31,1244.6906179999999,29.307,1825.0,1413.0,1634.462573,176.0,185.61599999999999,0.0,177.146,101.0,0.0,4717.242386,38.965096
11,1999,1999-11-30,1420.06646,22.179000000000002,2015.0,1508.0,1051.7335679999999,180.0,275.303,8.0,262.92,141.0,0.0,4622.44683,21.960249
10,1999,1999-10-31,1312.15615,30.658,2015.0,1512.0,1253.5922,180.0,242.449,2.0,283.139,142.0,0.0,4791.77218,20.252011
9,1999,1999-09-30,1473.67584,10.944,1885.0,1473.0,1408.475024,181.0,297.17,2.0,277.656,143.0,0.0,4440.5551190000015,38.357017
4,2000,2000-04-30,1512.62438,11.179,1908.0,1397.0,1229.185624,177.0,599.123,17.0,192.37099999999998,156.0,0.0,4420.73473,44.041526
8,2000,2000-08-31,1598.58649,2.344,1925.0,1673.0,676.019456,116.0,502.494,179.0,320.312,177.0,0.0,5393.856992,45.175329999999995
12,2000,2000-12-31,1498.03906,1.864,1765.0,1740.0,172.21671999999995,189.0,484.41900000000004,428.0,227.72299999999998,214.0,0.0,5533.24424,52.87384300000001
2,2000,2000-02-29,1241.03464,3.886,1974.0,1529.0,862.626624,171.0,566.8290000000001,50.0,137.86700000000002,160.0,0.0,4526.928351,54.039902000000005
1,2000,2000-01-31,1146.9456699999998,3.806,1969.0,1499.0,1173.403304,178.0,425.26099999999997,51.0,176.639,132.0,0.0,4648.6707799999995,40.65116799999999
7,2000,2000-07-31,1586.4452099999999,2.761,1955.0,1676.0,828.535264,178.0,357.477,167.0,301.01,186.0,0.0,5341.416179999999,34.481311
6,2000,2000-06-30,1562.10884,3.41,2048.0,1681.0,984.085992,179.0,371.10699999999997,131.0,267.332,180.0,0.0,5198.3210899999995,34.794015
3,2000,2000-03-31,1598.30728,4.084,2014.0,1519.0,1169.2364799999998,173.0,659.817,33.0,167.361,140.0,0.0,4948.285712999998,58.826983
5,2000,2000-05-31,1594.20182,44.217,2047.0,1632.0,996.0648800000001,181.0,577.702,101.0,294.31,161.0,0.0,5198.17426,45.386629000000006
11,2000,2000-11-30,1622.97717,13.264000000000001,1892.0,1680.0,244.637784,193.0,485.676,324.0,246.174,264.0,0.0,5172.799870000002,34.1656
10,2000,2000-10-31,1672.97637,5.072,1999.0,1739.0,635.349776,192.0,380.13599999999997,229.0,298.645,205.0,0.0,5474.55431,28.529666
9,2000,2000-09-30,1563.09176,12.061,1884.0,1670.0,672.1830480000001,175.0,481.403,256.0,336.509,199.0,0.0,5237.57235,21.804566
4,2001,2001-04-30,1648.12921,7.561,1966.0,1930.0,289.010096,332.0,685.1360000000001,578.0,138.515,168.0,0.0,6151.694310000001,61.677974000000006
8,2001,2001-08-31,1869.1477899999998,78.048,1894.0,1803.0,119.172648,322.0,519.548,547.0,316.532,194.0,0.0,6115.26375,39.782731
12,2001,2001-12-31,1803.4025,61.463,1703.0,1602.0,130.030904,355.0,457.741,449.0,213.273,159.0,0.0,5383.93116,47.55922700000001
2,2001,2001-02-28,1474.2390599999999,2.787,1808.0,1709.0,238.929096,323.0,643.156,477.0,158.355,155.0,0.0,5342.99356,66.61883799999998
1,2001,2001-01-31,1578.41643,4.154,1741.0,1608.0,160.778392,319.0,544.013,465.0,206.111,164.0,0.0,5560.4985,71.602523
7,2001,2001-07-31,1670.7955,18.952,1996.0,1855.0,164.992648,350.0,434.98199999999997,509.0,318.688,182.0,0.0,6363.87015,41.07555900000001
6,2001,2001-06-30,1703.3532699999998,4.822,2078.0,1882.0,267.272608,341.0,313.569,453.0,279.938,178.0,0.0,6285.1374,43.437147
3,2001,2001-03-31,1701.1844199999998,7.5520000000000005,1943.0,1795.0,285.34227999999996,329.0,623.3530000000001,480.0,171.13099999999997,169.0,0.0,6064.242045,74.55174
5,2001,2001-05-31,1757.9644600000001,6.922999999999999,2065.0,1880.0,255.99212799999998,349.0,483.325,463.0,205.79,178.0,0.0,6333.50064,46.557671
11,2001,2001-11-30,1750.7018,50.211999999999996,1827.0,1678.0,129.979304,348.0,351.103,451.0,257.962,193.0,0.0,5505.066720000002,27.28815
10,2001,2001-10-31,1656.83235,2.125,1887.0,1802.0,183.513832,370.0,405.17699999999996,528.0,302.72900000000004,201.0,0.0,6267.65499,28.525146
9,2001,2001-09-30,1681.8623200000004,3.464,1891.0,1795.0,231.49458399999997,341.0,713.242,555.0,312.69,179.0,0.0,5854.92609,35.863613
4,2002,2002-04-30,1772.49563,3.39,2040.0,1885.0,250.78032799999997,359.0,718.75,498.0,163.458,202.0,0.0,6399.17806,70.30477400000001
8,2002,2002-08-31,1499.10156,46.727,2117.0,2059.0,160.446584,360.0,551.2330000000001,640.0,313.36,208.0,0.0,6982.1943900000015,46.471705
12,2002,2002-12-31,1669.806628,2.252,1813.0,1833.0,119.20912,380.0,641.938,647.0,223.118,188.0,0.0,6417.44485,78.61802300000002
2,2002,2002-02-28,1552.04965,8.296,1916.0,1842.0,138.011848,341.0,588.929,573.0,149.192,192.0,0.0,5683.19541,68.27740800000001
1,2002,2002-01-31,1623.39279,8.204,1765.0,1686.0,168.271544,306.0,512.577,486.0,190.30200000000002,187.0,0.0,5689.222970000001,71.80292399999998
7,2002,2002-07-31,1406.5534599999999,23.763,2095.0,2087.0,141.29256,357.0,483.93300000000005,696.0,301.329,216.0,0.0,7340.6711799999985,54.45689
6,2002,2002-06-30,1414.12534,4.988,2070.0,2084.0,163.845232,349.0,413.523,693.0,271.79400000000004,201.0,0.0,7156.956440000001,58.922459
3,2002,2002-03-31,1775.31055,5.007,2068.0,1973.0,218.26056,359.0,797.977,555.0,146.5,161.0,0.0,6674.43073,69.62711300000001
5,2002,2002-05-31,1536.42657,15.527999999999999,2046.0,2016.0,186.544644,339.0,602.437,664.0,221.697,203.0,0.0,7023.383730000001,68.65338700000001
11,2002,2002-11-30,1694.58788,1.8090000000000002,1830.0,1864.0,113.487048,378.0,788.591,687.0,241.297,201.0,0.0,6290.704070000001,49.463449
10,2002,2002-10-31,1665.9632,3.094,1991.0,1940.0,155.426904,433.0,669.569,655.0,300.716,214.0,0.0,6734.45434,45.319131
9,2002,2002-09-30,1681.6925800000001,27.925,2077.0,1956.0,191.170232,365.0,597.4830000000001,604.0,289.41200000000003,209.0,0.0,6518.405150000001,33.1233
4,2003,2003-04-30,1613.403413,4.322,2062.0,2120.0,176.409984,379.0,734.497,759.0,114.73299999999999,217.0,0.0,7204.7557,114.98130900000001
8,2003,2003-08-31,1492.685173,7.587999999999999,2145.0,2133.0,238.507312,368.0,471.435,703.0,259.51099999999997,203.0,0.0,7706.706270000001,87.15768800000001
12,2003,2003-12-31,1697.0051640000001,6.575,2061.0,1850.0,206.752488,401.0,565.359,484.0,181.648,233.0,0.0,6575.68065,121.413302
2,2003,2003-02-28,1689.866336,1.5190000000000001,1997.0,1911.0,141.80572800000002,397.0,696.466,608.0,140.375,212.0,0.0,6048.95529,100.927502
1,2003,2003-01-31,1761.1487840000002,2.984,1856.0,1764.0,111.114048,384.0,687.9110000000001,621.0,189.80200000000002,222.0,0.0,6115.80199,109.114954
7,2003,2003-07-31,1628.0109730000001,2.783,2152.0,2117.0,136.755232,385.0,454.966,739.0,237.112,220.0,0.0,7497.9717200000005,94.813143
6,2003,2003-06-30,1705.830186,3.017,2127.0,2094.0,163.463416,382.0,624.997,704.0,223.706,219.0,0.0,7181.360409999998,109.153799
3,2003,2003-03-31,1705.0427260000001,3.0,2056.0,2101.0,141.61828,380.0,801.5160000000001,724.0,146.974,203.0,0.0,7309.72838,107.23223200000001
5,2003,2003-05-31,1565.88494,4.752,2096.0,2161.0,293.33227200000005,349.0,815.8710000000001,740.0,174.739,200.0,0.0,7574.825049999998,110.6692
11,2003,2003-11-30,1568.637608,19.722,2088.0,2079.0,232.25508,397.0,612.745,663.0,221.68,207.0,0.0,7254.984809999999,75.11657600000002
10,2003,2003-10-31,1406.871743,10.982999999999999,2138.0,2184.0,271.64884,399.0,388.32599999999996,759.0,298.834,231.0,0.0,7817.933209999999,71.84444700000002
9,2003,2003-09-30,1466.9928579999996,8.051,2144.0,2131.0,357.86832000000004,398.0,353.666,719.0,284.298,239.0,0.0,7399.123030000002,91.81716
4,2004,2004-04-30,1582.52317,16.151,2091.0,2121.0,527.045256,397.0,620.529,770.0,310.092,236.0,2.0,7591.44379,128.846673
8,2004,2004-08-31,1665.432596,2.526,2192.0,2191.0,430.33195199999994,375.0,374.244,762.0,382.17800000000005,253.0,4.0,7971.603800000001,96.650865
12,2004,2004-12-31,1782.0672559999998,3.3560000000000003,2088.0,2018.0,234.49567000000002,413.0,501.336,728.0,254.498,248.0,5.0,6935.4348310000005,201.367619
2,2004,2004-02-29,1634.018338,142.936,2016.0,1937.0,336.377596,406.0,579.4540000000001,569.0,182.149,239.0,0.0,6580.052580000001,131.040818
1,2004,2004-01-31,1796.9572420000002,37.412,2060.0,1800.0,367.853016,383.0,566.563,459.0,151.658,231.0,0.0,6535.61385,130.13743599999998
7,2004,2004-07-31,1623.903352,2.477,2170.0,2207.0,633.089916,364.0,417.505,772.0,361.38699999999994,241.0,3.0,7967.66697,101.619412
6,2004,2004-06-30,1866.466993,1.121,2154.0,2177.0,528.973436,367.0,286.08799999999997,761.0,282.325,253.0,3.0,7569.8802,113.59116999999999
3,2004,2004-03-31,1576.762162,12.128,2144.0,2173.0,683.9217600000002,384.0,704.0880000000001,771.0,148.30100000000002,246.0,0.0,7953.729990000001,122.709382
5,2004,2004-05-31,1870.304418,7.809,2155.0,2187.0,742.6514440000001,365.0,400.861,758.0,216.585,245.0,2.0,7815.158990000001,123.008964
11,2004,2004-11-30,1615.87807,2.384,2240.0,2250.0,341.28679,399.0,611.65,801.0,352.356,271.0,6.0,7627.1719379999995,202.233476
10,2004,2004-10-31,1653.597694,0.9690000000000001,2324.0,2297.0,454.68467000000004,412.0,434.26599999999996,788.0,373.341,255.0,5.0,7923.6518780000015,218.019975
9,2004,2004-09-30,1736.567777,3.68,2256.0,2249.0,349.1360200000001,401.0,399.71,769.0,362.98400000000004,261.0,5.0,7817.64226,110.51657900000001
4,2005,2005-04-30,1706.600272,42.593999999999994,2070.0,2178.0,861.586826,438.0,558.81,896.0,311.01599999999996,234.0,6.0,7676.463220000001,144.1061
8,2005,2005-08-31,1733.8937190000001,3.582,2395.0,2306.0,634.0121320000002,513.0,272.309,871.0,489.889,275.0,7.0,8202.29487,134.493809
12,2005,2005-12-31,1768.364954,1.855,2240.0,2011.0,365.029426,522.0,538.1469999999999,717.0,400.92699999999996,257.0,7.0,7119.3657680000015,140.34714099999997
2,2005,2005-02-28,1405.497212,26.311,2278.0,2288.0,586.170892,468.0,634.716,890.0,193.955,249.0,6.0,7351.066540000001,163.708583
1,2005,2005-01-31,1649.300951,11.083,2194.0,2086.0,245.91872,484.0,574.425,781.0,234.06599999999997,270.0,6.0,7271.004517,241.69109
7,2005,2005-07-31,1833.8982399999998,2.193,2376.0,2255.0,625.5318579999998,534.0,338.344,854.0,434.848,244.0,6.0,8047.26175,137.53854099999998
6,2005,2005-06-30,1859.793106,5.147,2397.0,2311.0,683.6966080000002,523.0,427.05,919.0,409.149,248.0,6.0,8117.14056,135.25477800000002
3,2005,2005-03-31,1798.1876109999996,9.492,2323.0,2311.0,732.409608,485.0,635.748,882.0,304.439,258.0,7.0,8215.16984,177.87104
5,2005,2005-05-31,1766.799588,36.85,2303.0,2419.0,836.67379,422.0,571.589,910.0,282.501,248.0,6.0,8709.35498,149.713409
11,2005,2005-11-30,1777.964455,1.796,2327.0,2255.0,383.11465,514.0,452.166,858.0,440.681,277.0,8.0,7866.012181,102.078442
10,2005,2005-10-31,1708.5841039999998,5.492999999999999,2236.0,2213.0,932.578756,493.0,382.63199999999995,874.0,376.63599999999997,263.0,7.0,8025.5183,114.420277
9,2005,2005-09-30,1605.420442,30.451999999999998,2363.0,2273.0,844.3174660000002,495.0,285.245,837.0,493.778,273.0,7.0,7866.969940000001,124.006097
4,2006,2006-04-30,1731.9511949999999,9.975,2309.0,2208.0,810.60293,515.0,661.971,841.0,409.014,262.0,8.0,7827.542709,176.41174600000005
8,2006,2006-08-31,2209.809809,2.428,2342.0,2294.0,593.414238,545.0,667.715,925.0,511.42699999999996,301.0,13.0,8067.034484999999,181.357249
12,2006,2006-12-31,2334.2946230000002,0.991,2292.0,2088.0,101.517834,549.0,742.666,792.0,390.292,303.0,13.0,7351.116343000001,182.771505
2,2006,2006-02-28,1458.10025,10.863,2356.0,2172.0,1271.690062,573.0,683.335,767.0,366.694,275.0,8.0,6813.991013000002,164.069844
1,2006,2006-01-31,1681.44187,3.3960000000000004,2345.0,2049.0,540.717864,514.0,629.125,693.0,377.45599999999996,274.0,9.0,7335.652969999999,189.00935400000003
7,2006,2006-07-31,2010.5479289999998,1.056,2358.0,2313.0,973.595306,508.0,541.743,886.0,496.19599999999997,285.0,10.0,8084.406615999999,164.96801100000005
6,2006,2006-06-30,1998.356454,2.356,2378.0,2342.0,1122.24898,512.0,516.006,940.0,437.64300000000003,289.0,10.0,7985.800429999999,118.257787
3,2006,2006-03-31,1676.3664290000004,37.429,2396.0,2395.0,1018.207718,496.0,756.242,930.0,449.858,281.0,9.0,8573.072352000001,208.863571
5,2006,2006-05-31,2043.893389,3.298,2346.0,2373.0,860.924422,493.0,535.934,943.0,294.487,297.0,10.0,8544.187163999999,153.68519899999995
11,2006,2006-11-30,2503.0362920000002,0.7040000000000001,2406.0,2305.0,120.416852,542.0,663.127,932.0,478.716,321.0,14.0,8023.881754000001,135.418914
10,2006,2006-10-31,2476.186634,0.609,2345.0,2245.0,136.19386,530.0,846.2,867.0,434.085,307.0,14.0,7954.942198000001,160.40149699999995
9,2006,2006-09-30,2344.394678,3.8169999999999997,2364.0,2296.0,287.25913,549.0,705.9860000000001,913.0,505.986,292.0,12.0,7876.828326000001,160.90302200000005
4,2007,2007-04-30,2587.0847940000003,4.933,2487.0,2316.0,295.12687400000004,490.0,732.705,853.0,365.275,334.0,19.0,8001.947276999998,227.417897
8,2007,2007-08-31,2579.858436,2.448,2614.0,2406.0,429.558496,630.0,644.381,895.0,335.659,358.0,25.0,8554.81963,187.841126
12,2007,2007-12-31,2238.168654,3.236,2455.0,2160.0,452.785,627.0,761.182,818.0,418.36800000000005,350.0,36.0,7794.678222,198.480324
2,2007,2007-02-28,2481.475121,1.916,2401.0,2234.0,107.03971399999999,485.0,777.0310000000001,874.0,278.82,354.0,16.0,7042.446179000001,214.568313
1,2007,2007-01-31,2587.882068,2.131,2369.0,2105.0,19.919432,596.0,754.107,824.0,335.49699999999996,362.0,14.0,7315.043858,244.763252
7,2007,2007-07-31,2759.5443579999996,2.8160000000000003,2602.0,2414.0,33.193488,558.0,705.674,890.0,422.916,325.0,22.0,8457.310532,195.517557
6,2007,2007-06-30,2656.6271500000007,2.519,2627.0,2522.0,278.15542,535.0,677.785,954.0,333.76099999999997,333.0,21.0,8621.458083000001,197.36576599999998
3,2007,2007-03-31,2679.4055359999998,1.26,2512.0,2500.0,268.15284,492.0,844.966,952.0,386.005,327.0,18.0,8829.521519,252.88421400000001
5,2007,2007-05-31,2613.367628,1.964,2633.0,2445.0,207.888302,580.0,540.524,946.0,400.039,348.0,19.0,8681.213512,217.564908
11,2007,2007-11-30,2368.203997,1.8130000000000002,2454.0,2295.0,221.468,620.0,552.933,938.0,435.945,367.0,34.0,7847.089784000001,151.361909
10,2007,2007-10-31,2644.250846,2.116,2512.0,2350.0,437.09895199999994,628.0,439.721,960.0,502.59,371.0,30.0,8278.434965999999,175.08400600000002
9,2007,2007-09-30,2685.243759,1.0859999999999999,2503.0,2394.0,238.259598,609.0,530.3480000000001,963.0,273.483,338.0,27.0,8819.507071,171.86246599999996
4,2008,2008-04-30,2780.01118,5.975,2824.0,2315.0,344.63063999999997,587.0,824.427,690.0,260.317,376.0,57.0,8181.950588,194.647495
8,2008,2008-08-31,2514.746148,1.2919999999999998,2969.0,2620.0,4.541592,602.0,436.718,886.0,271.387,366.0,91.0,9641.281555,168.79037100000005
12,2008,2008-12-31,2261.605686,1.3719999999999999,2659.0,2014.0,2.701504,531.0,626.112,646.0,138.023,315.0,108.0,7341.047469000001,167.884186
2,2008,2008-02-29,2533.468385,1.321,2545.0,2336.0,95.98899999999999,619.0,714.0139999999999,927.0,170.173,377.0,47.0,7817.421619000002,198.56645600000002
1,2008,2008-01-31,2623.58396,2.057,2547.0,2229.0,2.54,585.0,739.385,781.0,342.25300000000004,365.0,41.0,7950.281067,221.005796
7,2008,2008-07-31,2498.4287830000007,1.4240000000000002,2944.0,2624.0,4.147704,593.0,520.5219999999999,868.0,275.81,392.0,83.0,9590.386106999998,179.78356200000002
6,2008,2008-06-30,2603.571985,1.817,2990.0,2590.0,4.284,647.0,530.028,828.0,227.364,357.0,72.0,9243.194407,174.376207
3,2008,2008-03-31,2698.223838,2.636,2610.0,2435.0,449.244,594.0,823.863,972.0,152.47899999999998,370.0,52.0,8954.575709,206.740812
5,2008,2008-05-31,2730.874569,1.014,3000.0,2592.0,95.725528,630.0,542.474,828.0,167.29,374.0,63.0,9342.356519,178.14339399999997
11,2008,2008-11-30,2417.589355,1.295,2549.0,2290.0,2.9170979999999997,400.0,428.336,738.0,183.02700000000002,317.0,108.0,8194.622183,119.857027
10,2008,2008-10-31,2593.788919,1.28,2836.0,2517.0,3.8368279999999997,593.0,376.44699999999995,855.0,268.448,340.0,107.0,9301.842434,171.966192
9,2008,2008-09-30,2581.7470940000007,1.7990000000000002,2857.0,2510.0,6.248872,611.0,388.36400000000003,913.0,327.002,383.0,98.0,8898.961308,169.25996899999996
4,2009,2009-04-30,2579.322352,8.242,2801.0,2363.0,2.489016,597.0,718.9839999999999,798.0,108.28399999999999,363.0,126.0,8579.835954,168.052438
8,2009,2009-08-31,2547.782291,0.434,2935.0,2530.0,152.47227600000005,587.0,584.436,944.0,275.08299999999997,376.0,150.0,9417.869056,179.613221
12,2009,2009-12-31,2194.869037,3.826,3234.0,2369.0,41.54183,592.0,732.7719999999999,622.0,277.762,397.0,167.0,8795.379648,192.216947
2,2009,2009-02-28,2280.6171870000003,1.011,2754.0,2325.0,2.762794,599.0,715.3480000000001,752.0,106.098,357.0,133.0,7680.213357,308.1346020000001
1,2009,2009-01-31,2688.467512,1.249,2881.0,1854.0,36.210276,568.0,742.812,323.0,171.113,341.0,117.0,6572.126107,197.362209
7,2009,2009-07-31,2734.530936,1.943,2898.0,2461.0,4.551672,622.0,368.54,861.0,236.854,372.0,143.0,9262.071536,194.764947
6,2009,2009-06-30,2664.167116,1.165,3024.0,2566.0,9.652624000000001,625.0,367.899,928.0,182.692,403.0,142.0,9273.553772,173.22676
3,2009,2009-03-31,2584.9558620000003,12.907,3039.0,2473.0,2.540134,593.0,810.435,667.0,130.43200000000002,374.0,138.0,9168.347062,189.797167
5,2009,2009-05-31,2623.533771000001,6.781000000000001,3146.0,2511.0,4.1518120000000005,618.0,539.557,902.0,147.446,373.0,133.0,9283.291566,177.19449899999995
11,2009,2009-11-30,2143.0883,2.7960000000000003,3099.0,2554.0,32.957078,607.0,516.9490000000001,943.0,336.00699999999995,432.0,159.0,9086.124972,154.767121
10,2009,2009-10-31,2281.191519,1.8019999999999998,3017.0,2600.0,183.672718,574.0,476.091,974.0,273.762,434.0,154.0,9738.345998,158.065009
9,2009,2009-09-30,2485.5370120000002,2.915,3040.0,2617.0,5.806538,605.0,391.913,933.0,205.877,420.0,151.0,9486.151247,172.51933799999995
4,2010,2010-04-30,2671.780532,3.1689999999999996,3377.0,2735.0,19.00809,563.0,512.757,903.0,741.429,450.0,165.0,9750.902334,332.701141
8,2010,2010-08-31,2647.256101,1.78,3563.0,2713.0,56.064192000000006,745.0,340.785,849.0,768.5010000000001,492.0,181.0,9761.264867,233.281353
12,2010,2010-12-31,2006.498456,3.418,3562.0,2612.0,25.256706,767.0,450.277,822.0,423.471,498.0,210.0,9740.437472,305.725002
2,2010,2010-02-28,2335.242832,4.4319999999999995,3267.0,2718.0,5.498138,520.0,638.585,978.0,143.127,473.0,171.0,9265.130892000001,322.33716499999997
1,2010,2010-01-31,2648.717854,2.7110000000000003,3191.0,2396.0,18.308738,597.0,618.823,764.0,164.141,428.0,154.0,8883.912628,357.744412
7,2010,2010-07-31,2488.464711,7.687,3431.0,2768.0,170.02018900000004,673.0,334.902,902.0,801.08,472.0,179.0,10238.2475,252.881696
6,2010,2010-06-30,2490.842544,2.5610000000000004,3677.0,2946.0,23.219022,552.0,415.50699999999995,869.0,789.052,488.0,181.0,10327.311497,275.51474699999994
3,2010,2010-03-31,2724.3475359999998,5.05,3636.0,2686.0,155.18202399999996,573.0,769.184,675.0,568.3330000000001,499.0,176.0,10044.719811,366.175006
5,2010,2010-05-31,2731.541696,2.787,3458.0,2892.0,53.543802,552.0,520.918,933.0,791.993,464.0,167.0,10583.453922,302.065454
11,2010,2010-11-30,2256.927993,2.8680000000000003,3619.0,2698.0,1.9295380000000002,682.0,328.707,789.0,486.98800000000006,491.0,204.0,9694.455994,206.85765
10,2010,2010-10-31,2353.635489,2.392,3668.0,2776.0,9.750906,837.0,170.852,847.0,795.422,472.0,193.0,10142.019209999999,229.147951
9,2010,2010-09-30,2408.748261,2.73,3603.0,2812.0,39.587336,749.0,245.456,921.0,780.247,506.0,190.0,10006.294881,222.725232
4,2011,2011-04-30,2713.993539,2.052,3670.0,2468.0,107.432294,932.0,470.471,867.0,1019.115,562.0,215.0,8822.743526,365.15201
8,2011,2011-08-31,2671.7181360000004,3.1639999999999997,3401.0,2633.0,130.276574,784.0,901.683,1228.0,792.654,601.0,248.0,9777.934573999999,323.3213580000001
12,2011,2011-12-31,2323.2089690000007,6.044,3660.0,2216.0,20.188979999999997,907.0,822.209,620.0,464.959,568.0,243.0,8381.09018,417.619461
2,2011,2011-02-28,2484.702891,1.5390000000000001,3759.0,2564.0,31.053,840.0,651.589,791.0,638.013,501.0,230.0,8573.823918,323.171615
1,2011,2011-01-31,2799.679927,1.696,3676.0,2339.0,29.679782,859.0,576.868,621.0,412.365,485.0,207.0,8566.364178,374.736071
7,2011,2011-07-31,2891.144936,5.902,3218.0,2514.0,284.72857400000004,756.0,392.173,1177.0,1315.3429999999998,591.0,242.0,9335.425861,350.483788
6,2011,2011-06-30,2700.632702,6.521,3651.0,2680.0,231.68272599999997,812.0,394.086,1194.0,1072.215,605.0,246.0,9653.175492,344.195755
3,2011,2011-03-31,2710.573477,1.73,3885.0,2581.0,0.43090600000000007,972.0,583.678,837.0,789.541,576.0,231.0,9552.369226,393.938017
5,2011,2011-05-31,2856.242382,1.005,3785.0,2697.0,101.684546,897.0,374.064,1045.0,1075.411,570.0,238.0,10019.108087,362.706382
11,2011,2011-11-30,2233.057773,1.262,3444.0,2314.0,40.976116,871.0,631.558,836.0,909.586,563.0,197.0,8447.818373,307.4976000000001
10,2011,2011-10-31,2689.586066,3.105,3278.0,2232.0,66.334824,803.0,1137.351,831.0,1164.634,581.0,222.0,8210.108334,236.942503
9,2011,2011-09-30,2637.18837,1.9569999999999999,3508.0,2478.0,271.110114,975.0,999.192,1082.0,1120.573,627.0,248.0,8921.360458,256.214263
4,2012,2012-04-30,3150.952892,2.8569999999999998,3865.0,2433.0,389.53225,933.0,849.048,570.0,1135.509,631.0,260.0,8968.933121,441.903704
8,2012,2012-08-31,3011.754031,4.494,4037.0,2633.0,113.00583,994.0,448.99800000000005,971.0,1114.621,642.0,283.0,10077.212649,413.141326
12,2012,2012-12-31,2681.852894,4.07,4075.0,2710.0,3.04177,1035.0,593.23,981.0,412.88699999999994,600.0,278.0,10284.688886,531.2028889999999
2,2012,2012-02-29,2576.731113,2.897,3596.0,2560.0,67.26218,730.0,1252.1580000000001,917.0,799.212,626.0,276.0,8976.232934,409.978722
1,2012,2012-01-31,2864.7210600000003,1.371,3892.0,2297.0,17.553514,924.0,1138.309,708.0,484.49,584.0,267.0,8580.060131,426.359258
7,2012,2012-07-31,2733.7332180000008,8.107999999999999,4267.0,2822.0,60.92354,989.0,440.31,1040.0,946.702,639.0,271.0,10724.109465000001,427.643846
6,2012,2012-06-30,2827.8239829999998,2.907,3900.0,2816.0,117.91371000000001,979.0,481.095,1161.0,937.377,631.0,280.0,10331.071565,412.46871200000004
3,2012,2012-03-31,2942.007609,6.89,3846.0,2713.0,14.32095,960.0,1073.26,1118.0,1163.708,601.0,279.0,10132.766608,466.16877900000003
5,2012,2012-05-31,3039.887455,5.752000000000001,3944.0,2692.0,392.14001,949.0,745.832,945.0,1076.0410000000002,635.0,278.0,10252.726925,467.250541
11,2012,2012-11-30,2753.411327,5.132999999999999,4312.0,2920.0,31.027209999999997,1034.0,597.356,1019.0,519.156,647.0,292.0,10723.2429555,392.840209
10,2012,2012-10-31,3034.934746,4.118,4122.0,2783.0,85.21709,1017.0,410.56699999999995,1039.0,797.1060000000001,646.0,285.0,10582.454549,409.241248
9,2012,2012-09-30,2964.797237,14.165,4077.0,2667.0,37.98445,942.0,401.05400000000003,925.0,1140.617,655.0,284.0,9734.949418,383.024207
4,2013,2013-04-30,3174.740491,40.438,4112.0,2609.0,230.38072000000003,984.0,543.0459999999999,893.0,1140.099,615.0,291.0,9571.353734999999,625.0421809999999
8,2013,2013-08-31,3071.255464,8.527999999999999,3946.0,2601.0,135.20981,814.0,355.459,948.0,1515.479,642.0,317.0,9781.436653,607.3603469999999
12,2013,2013-12-31,2683.6981739999997,6.912999999999999,3803.0,2362.0,92.836,898.0,419.73199999999997,904.0,321.704,638.0,303.0,8841.637727000001,763.2999724399998
2,2013,2013-02-28,2854.886202,2.7710000000000004,4134.0,2797.0,104.69937,923.0,594.825,881.0,555.799,626.0,310.0,9825.969502,565.8276089999998
1,2013,2013-01-31,3239.639262,4.157,3965.0,2504.0,131.4681,994.0,597.776,952.0,362.23400000000004,625.0,290.0,9339.460221,600.188657
7,2013,2013-07-31,3020.86041,8.677999999999999,4171.0,2677.0,138.67811,1005.0,322.847,1145.0,1297.3210000000001,675.0,307.0,9983.5233295,591.0700397799999
6,2013,2013-06-30,2696.409394,16.24,4049.0,2871.0,130.31043,932.0,431.899,1120.0,1268.211,601.0,310.0,10263.783964,579.0052479999998
3,2013,2013-03-31,3075.096168,7.382999999999999,4185.0,2987.0,65.53448,1041.0,549.101,1193.0,818.237,624.0,309.0,11240.806518,639.656212
5,2013,2013-05-31,3191.257441,61.736999999999995,4258.0,2917.0,24.778550000000006,940.0,573.962,965.0,1310.006,608.0,314.0,10942.805267,643.3070795
11,2013,2013-11-30,2640.165989,5.115,4038.0,2767.0,13.02689,925.0,295.64099999999996,1014.0,1044.4080000000001,640.0,314.0,10065.875162999999,577.989812
10,2013,2013-10-31,2767.656787,7.324,4020.0,2644.0,110.20432,911.0,367.39099999999996,1139.0,1341.599,661.0,309.0,9893.830090000001,552.4003379999998
9,2013,2013-09-30,2936.527637,9.854,3853.0,2620.0,89.3982,789.0,360.405,988.0,1596.693,668.0,310.0,9467.417028,460.683013
4,2014,2014-04-30,3251.739834,1.065,3958.0,2725.0,230.60113,942.0,544.1759999999999,1095.0,1222.559,629.0,302.0,9826.009021,789.125375
8,2014,2014-08-31,3159.655517,4.856,3922.0,2758.0,85.26853,976.0,300.688,1255.0,1270.629,685.0,319.0,10356.458701000001,685.2934730000001
12,2014,2014-12-31,3049.721141,2.503,3975.0,2609.0,82.40223,1034.0,265.876,929.0,493.277,617.0,313.0,9609.296676,882.7555070000001
2,2014,2014-02-28,2822.592354,4.242,4245.0,2615.0,138.00108,940.0,583.206,821.0,845.46,658.0,326.0,8500.7941005,728.17193904
1,2014,2014-01-31,3164.156561,3.824,4203.0,2228.0,139.32166,904.0,574.507,544.0,591.194,639.0,304.0,8129.28044,822.030852
7,2014,2014-07-31,3307.149098,8.525,3897.0,2716.0,220.05889,907.0,488.93,938.0,1177.907,668.0,319.0,10219.939718000001,745.841625
6,2014,2014-06-30,3304.244141,21.88,3985.0,2846.0,156.344346,953.0,565.134,1082.0,1085.9180000000001,645.0,317.0,10299.648995,766.388879
3,2014,2014-03-31,3264.80771999,2.474,4285.0,2847.0,173.91568999999996,890.0,584.372,934.0,1302.479,601.0,327.0,10367.770422,838.06344249
5,2014,2014-05-31,3385.7237630000004,3.525,4151.0,2982.0,114.72058999999999,950.0,501.296,1112.0,1203.938,627.0,318.0,11197.842011,816.579513
11,2014,2014-11-30,2923.229358,3.925,4186.0,2874.0,81.99459999999998,1029.0,281.814,1211.0,717.1080000000001,662.0,318.0,10633.860871,680.82561
10,2014,2014-10-31,2880.123558,3.261,4193.0,2872.0,101.72658,1038.0,252.732,1166.0,1017.368,686.0,316.0,10842.936328,659.035523
9,2014,2014-09-30,3058.774542,2.5180000000000002,3879.0,2799.0,82.07211,954.0,220.842,1203.0,1331.876,717.0,320.0,10330.323475,631.3934039999998
4,2015,2015-04-30,2922.419259,1.517,3959.0,2677.0,138.41362,911.0,371.00800000000004,983.0,1464.628,679.0,299.0,10164.861715000001,893.9080970000001
8,2015,2015-08-31,2949.30713,2.1590000000000003,3840.0,2778.0,28.971009999999996,868.0,293.975,1287.0,1373.86,559.0,298.0,10875.327973000001,822.7033200000002
12,2015,2015-12-31,3077.4354881500008,6.303,3802.0,2653.0,96.398725,997.0,267.901,1078.0,1146.8,645.0,291.0,10034.61844375,862.4148707300002
2,2015,2015-02-28,2588.981613,3.821,3826.0,2822.0,72.81249,958.0,268.64599999999996,1316.0,726.002,674.0,319.0,9487.650887,855.6205990000002
1,2015,2015-01-31,2737.754341,2.298,3877.0,2594.0,82.58896,1007.0,298.922,1055.0,355.394,617.0,304.0,9686.728588,934.561079
7,2015,2015-07-31,3021.7805550000003,84.694,3799.0,3054.0,39.02272,850.0,333.54699999999997,1469.0,758.72,646.0,311.0,11643.353959,840.9020029999999
6,2015,2015-06-30,3029.729624,1.893,3812.0,3086.0,8.077739999999999,923.0,367.079,1262.0,1162.287,708.0,312.0,11409.887764,857.5108849999998
3,2015,2015-03-31,2624.203454,7.882999999999999,4184.0,3098.0,68.48367999999999,986.0,321.726,1312.0,1106.605,700.0,329.0,11831.411736,886.4112289999999
5,2015,2015-05-31,2724.770461,4.604,3707.0,3100.0,72.32299,874.0,484.338,1616.0,1621.9360000000001,674.0,316.0,11920.028311,883.151942
11,2015,2015-11-30,2798.52425609,2.41,3952.0,2881.0,133.86223249999998,1032.0,261.416,1260.0,1395.43,649.0,293.0,10702.43098125,726.2836026099999
10,2015,2015-10-31,3151.984377,1.699,3726.0,2718.0,30.676337,996.0,255.234,1212.0,1668.695,615.0,284.0,10368.2079,737.3540780000001
9,2015,2015-09-30,2955.220691,6.419,3717.0,2839.0,25.28353,1004.0,236.94099999999997,1291.0,1634.129,651.0,291.0,10400.48791,740.6636169999998
4,2016,2016-04-30,3252.849653,3.202,3935.0,3019.0,32.07379,949.0,280.517,1126.0,1394.444,684.0,274.0,11481.915357,1085.803266
8,2016,2016-08-31,3315.6953510000008,122.197,3641.0,2703.0,45.413478000000005,995.0,302.066,1199.0,2251.9570000000003,714.0,271.0,10223.38752,1015.958949
12,2016,2016-12-31,2998.240308000001,2.951,3663.0,2515.0,18.10005,1007.0,388.26099999999997,1071.0,1241.117,687.0,282.0,9604.429703,1159.274858
2,2016,2016-02-29,2890.90581185,2.4090000000000003,3885.0,2652.0,20.21718,916.0,251.38,1069.0,1096.506,683.0,296.0,9339.16557391,1053.25410651
1,2016,2016-01-31,2905.96478927,5.18,3961.0,2663.0,62.85818,988.0,342.964,1001.0,1147.661,633.0,282.0,9751.1521722,1140.6184699
7,2016,2016-07-31,2738.174615,5.52,3890.0,2754.0,2.661825,1004.0,337.565,1187.0,2098.942,697.0,267.0,10525.938449,1035.6743310000002
6,2016,2016-06-30,2975.103252,1.245,3561.0,2912.0,4.7159830000000005,866.0,311.577,1360.0,1701.8629999999998,700.0,278.0,10751.996485,995.389125
3,2016,2016-03-31,3322.85305108,10.485,3754.0,2964.0,43.633225,749.0,296.994,1365.0,1339.11,679.0,304.0,11539.152269,1147.31936511
5,2016,2016-05-31,3335.296081,2.237,3690.0,3087.0,52.998673,830.0,280.14599999999996,1632.0,1910.5,704.0,287.0,11907.297977,1055.034209
11,2016,2016-11-30,3073.040295,4.031000000000001,3704.0,2584.0,0.0,1041.0,292.058,1327.0,2146.719,737.0,265.0,9858.117127,966.925925
10,2016,2016-10-31,3042.885593,5.314,3751.0,2828.0,2.7998380000000003,1036.0,207.952,1243.0,1943.287,687.0,263.0,10672.076402,942.4594189999999
9,2016,2016-09-30,3256.147461,8.919,3757.0,2835.0,32.334827000000004,1000.0,251.59799999999998,1399.0,1553.249,727.0,267.0,10494.961382,939.490318
4,2017,2017-04-30,3241.829747,2.9330000000000003,3350.0,2619.0,6.586225,966.0,432.569,1459.0,2223.1820000000002,697.0,231.0,9703.00188,1271.293416
8,2017,2017-08-31,3094.214165,6.485,3596.0,2844.0,2.36864,1030.0,298.631,1316.0,2198.499,733.0,244.0,10877.687812,1222.117398
12,2017,2017-12-31,2645.128893,6.114,3577.0,2410.0,2.806632,1018.0,581.058,1076.0,1810.221,730.0,233.0,8860.057223,1495.841771
2,2017,2017-02-28,2774.827275,5.321000000000001,3603.0,2664.0,1.8217330000000003,1027.0,444.088,1327.0,1445.836,713.0,258.0,9006.218148,1237.1197730000001
1,2017,2017-01-31,2782.043568,3.9330000000000003,3778.0,2616.0,2.4813,996.0,426.542,1350.0,1162.701,679.0,243.0,9811.118934,1320.455816
7,2017,2017-07-31,3172.502063,61.971000000000004,3214.0,2586.0,48.482232,837.0,360.717,1461.0,2415.044,714.0,239.0,9747.300032,1223.963679
6,2017,2017-06-30,3254.355052,43.468999999999994,3431.0,2789.0,15.610748000000001,1026.0,342.95099999999996,1605.0,2231.133,719.0,244.0,10130.125112,1212.922257
3,2017,2017-03-31,3148.68693,8.965,3788.0,2852.0,14.958517,1005.0,467.157,1412.0,2128.955,716.0,264.0,10923.084679000001,1341.24483
5,2017,2017-05-31,3325.419244,4.736000000000001,3692.0,2800.0,1.8231700000000002,1025.0,452.526,1539.0,2174.0860000000002,748.0,246.0,10732.852897,1239.696689
11,2017,2017-11-30,2633.374603,25.623,3932.0,2790.0,13.531423,1061.0,272.805,968.0,2048.442,747.0,241.0,10145.421273,1132.316248
10,2017,2017-10-31,2905.950363,24.374000000000002,3862.0,2766.0,21.999118,1029.0,275.665,1364.0,2079.9539999999997,751.0,227.0,10401.197339,1133.873591
9,2017,2017-09-30,2754.118208,3.858,3578.0,2899.0,0.047728,927.0,332.477,1417.0,2509.371,742.0,243.0,10706.097808,1113.1724550000001
4,2018,2018-04-30,3111.886096,3.477,3381.0,2634.0,2.688475,1051.0,620.326,1459.0,2055.592,766.0,208.0,9425.509463,1489.86487
8,2018,2018-08-31,2973.389936,41.743,3374.0,2633.0,4.5070120000000005,1033.0,869.82,1535.0,2535.925,777.0,220.0,9562.586434,1535.5415050000001
12,2018,2018-12-31,2953.018046,4.209,3455.0,2421.0,2.8224650000000002,987.0,611.871,1034.0,1941.9,736.0,205.0,9222.755196,1609.929208
2,2018,2018-02-28,2822.4270739999997,6.7410000000000005,3594.0,2536.0,24.637838000000002,1010.0,646.594,1259.0,1734.961,768.0,238.0,8382.736515999999,1437.271141
1,2018,2018-01-31,3088.828318,3.522,3702.0,2427.0,3.006663,1045.0,629.927,1150.0,1862.9260000000002,749.0,225.0,8922.589161,1496.433225
7,2018,2018-07-31,3227.797035,4.735,3499.0,2680.0,8.472327,1052.0,545.967,1433.0,2220.686,771.0,215.0,9891.722103,1544.390661
6,2018,2018-06-30,3172.099949,3.32,3632.0,2848.0,2.57972,1048.0,545.727,1631.0,2149.223,771.0,226.0,10169.641728,1476.978666
3,2018,2018-03-31,3223.347626,27.997,3521.0,2816.0,2.64759,1012.0,682.0319999999999,1342.0,2228.097,749.0,238.0,10428.746631,1554.567665
5,2018,2018-05-31,3302.7017730000002,1.9,3555.0,2818.0,6.00833,1045.0,589.403,1484.0,2259.2,755.0,225.0,10359.927395,1463.452258
11,2018,2018-11-30,2428.712837,5.032,3804.0,2829.0,2.720495,1001.0,544.716,1367.0,2201.469,785.0,215.0,10332.749089,1396.363784
10,2018,2018-10-31,2849.823363,4.98,3694.0,2753.0,2.889565,973.0,503.168,1391.0,2677.597,776.0,209.0,10112.573086,1430.0735479999996
9,2018,2018-09-30,2642.391627,4.1160000000000005,3114.0,2671.0,2.446095,912.0,807.462,1531.0,2801.865,739.0,212.0,9453.639272,1365.450397
